QUEST_UNUSED_20150317_000001	{memo X}A ha, you're on your way to see Master Pardoner. I wish you luck.	아하, 파드너 마스터에게로 가는 길이로군. 무운을 빕지요.				
QUEST_UNUSED_20150317_000002	{memo X}Note the long way Hashipusho.	먼 길 조심하십쇼.				
QUEST_UNUSED_20150317_000003	{memo X}So. Korezo. Pardoner does not allow you to introductory. Sound fall that silver was Like this donation was bought {nl} indulgences leads to our salvation. {Nl} wealth also, that it be noted that it is a great blessing of goddess.	그래. 이거야. 파드너로 입문을 허락하지.{nl}면죄부를 산 은화 한 닢이 헌금함에 떨어지는 소리가 우릴 구원으로 이끌지.{nl}재물 또한 여신의 커다란 축복이라는 것을 명심하게.				
QUEST_UNUSED_20150317_000004	{memo X}Pardoner be viewed back to your master Te. {Nl} if had the fire pot looking for a very long time.	어서 파드너 마스터께 돌아가 보게.{nl}그 불항아리를 아주 오랫동안 찾고 계셨거든.				
QUEST_UNUSED_20150317_000005	Gatekeeper owl image	문지기 부엉이 조각상				
QUEST_UNUSED_20150317_000006	Or Tesla-like has created us by cutting the tree. {Nl} So, we owl, you always say want to return the favor. {Nl}	테슬라님은 나무를 깎아서 우릴 만드셨어요.{nl}그래서 우리 부엉이들은 항상 은혜를 갚고 싶어 한답니다.{nl}				문지기 부엉이 조각상
QUEST_UNUSED_20150317_000007	So I what is. You may ask. Would you like Tesla electrolysis collected sculpture of marble from {nl} Cathedral?	그래서 말인데요. 부탁드릴 것이 있어요.{nl}대성당에서 대리석 조각을 모아서 테슬라님께 전해 주실 수 있을까요?				문지기 부엉이 조각상
QUEST_UNUSED_20150317_000008	If marble of the cathedral, but it likes Tesla-like?	대성당의 대리석이라면 테슬라님께서 좋아하시겠지요?				문지기 부엉이 조각상
QUEST_UNUSED_20150317_000009	If it were a gift of owl image {nl} the babe, but evidence for my life. {Nl}	부엉이 조각상들의 선물인가?{nl}그 귀여운 녀석들은 내 삶에 대한 증거이지. {nl}				조각가 테슬라
QUEST_UNUSED_20150317_000010	Anyway .. What seemed happy visitor comes something today, I will Hey drawing.	어쨌든.. 오늘 어쩐지 반가운 손님이 오실 것 같더라니, 고맙네그려.				조각가 테슬라
QUEST_UNUSED_20150317_000011	When I saw the first time in your Klaipeda, it was thought to be whether the delicate arm sword Ya can shake. {Nl} But, now I became a hero in the hero that many people praise. {Nl}	자네를 클라페다에서 처음 봤을 땐 그 가녀린 팔로 검이나 휘두를 수 있을까 싶었었지.{nl}허나 지금은 많은 이들이 칭송하는 용사 중의 용사가 되었구나.{nl}				소드맨 마스터
QUEST_UNUSED_20150317_000012	However, I want to make sure your courage directly. banshee {nl} covers the evil aura the dark forest. You are not a proper challenge harder ones.	하지만 난 자네의 용기를 직접 확인하고 싶어.{nl}이 어두운 숲을 사악한 기운으로 뒤덮는 밴시.. 자네에겐 적당한 도전이 아닌가 싶군.				소드맨 마스터
QUEST_UNUSED_20150317_000013	Isolation. Just merely hunting. In {nl}, Itogetone waiting on the Klaipeda.	별거 아닐세. 그저 사냥일 뿐이지.{nl}그럼, 클라페다에서 기다리고 있겠네.				소드맨 마스터
QUEST_UNUSED_20150317_000014	Have been. Was waiting. {Nl} would be given a reward worthy of your container if this degree.	왔군. 기다리고 있었네.{nl}이 정도면 자네의 용기에 걸맞은 보상일 거야.				소드맨 마스터
QUEST_UNUSED_20150317_000015	Hehe, I'm really enthusiastic. {Nl} I remembered when you were still convergence wizard. Then also you were really enthusiastic. {Nl}	후후, 정말 열심이네. {nl}네가 아직 수습 위저드였을 때가 생각났어. 그때도 넌 참 열심이었지..{nl}				위저드 마스터
QUEST_UNUSED_20150317_000016	Now I want to know you grew how. If {nl} banshee et al defile the forest, do not you to the appropriate challenge?	지금의 네가 얼마나 성장했는지 알고 싶어.{nl}이 숲을 더럽히는 밴시들이라면 네게 적당한 도전이 아닐까?				위저드 마스터
QUEST_UNUSED_20150317_000017	Rather than test, it is considered to be a good thing. In {nl}, and later also met at the Klaipeda.	시험보다는 좋은 일을 한다고 생각하는 거야.{nl}그럼, 나중에 클라페다에서 또 만나.				위저드 마스터
QUEST_UNUSED_20150317_000018	Yes, brilliantly Hatchiu~otone. and {nl} is a what kind of figure is when the next meet, further anxious?	그래, 멋지게 해치웠네.{nl}다음에 만날 땐 어떤 모습일지 더욱 궁금해지는걸?				위저드 마스터
QUEST_UNUSED_20150317_000019	{memo X}Plate when you saw the first time, I wonder not die immediately parser too stand up. I thought. {Nl} now I think that it has become more famous than me. {Nl}	널 처음 보았을 땐 너무 어설퍼서 금방 죽지 않을까.. 싶었는데.{nl}지금은 나보다도 더 유명해진 것 같아.{nl}				아처 마스터
QUEST_UNUSED_20150317_000020	You will really try to the will bet described meets applied to its reputation. {Nl} it is to exterminate all the nasty banshee covering this forest. How is it?	네가 정말 그 명성에 걸맞는지 나와 내기를 해 볼까.{nl}이 숲을 뒤덮고 있는 역겨운 밴시들을 모두 처치하는 거지. 어때?				아처 마스터
QUEST_UNUSED_20150317_000021	What so I'm going important that actually bet. I met me is, it is not more important. In {nl}, waiting on the Klaipeda.	사실 내기가 뭐 그리 중요하겠어. 날 만난 게 더 중요하지.{nl}그럼, 클라페다에서 기다리겠어.				아처 마스터
QUEST_UNUSED_20150317_000022	Have been. You really've got to impress me. {Nl} Do you accept now expect a more grown-up appearance?	왔군. 넌 정말 날 감탄하게 하는구나.{nl}다음엔 더 성장한 모습을 기대해도 되겠지?				아처 마스터
QUEST_UNUSED_20150317_000023	I think it 's assume is filled with the grace of goddess than when you first came to the Klaipeda. {Nl} I want to know your faith is how deep. {Nl}	처음 클라페다에 왔을 때보다 더 여신의 은총이 충만해지신 것 같아요.{nl}당신의 신앙심이 얼마나 깊은지 알고 싶어요.{nl}				클레릭 마스터
QUEST_UNUSED_20150317_000024	Of course, it is not the same thing Let again in an abstract standard. {Nl} and I drive off the banshee that bring the evil aura in this forest in the name of the goddess.	물론 추상적인 기준으로 재보자는 건 아니에요.{nl}이 숲에 사악한 기운을 가져오는 밴시들을 여신의 이름으로 물리치는 거예요.				클레릭 마스터
QUEST_UNUSED_20150317_000025	Goddess less our enemy and we do not have differences. In {nl}, I will see you on the Klaipeda.	여신의 적은 우리의 적이나 다름없습니다.{nl}그럼, 클라페다에서 뵙겠습니다.				클레릭 마스터
QUEST_UNUSED_20150317_000026	I'm was Mashi Oh. You showed great faith. {Nl} and I gave me also my great inspiration. {Nl} This is do my little castle. By all means, please write in the correct thing.	오셨군요. 당신은 굉장한 신앙심을 보여 주셨습니다.{nl}그리고 제게 큰 영감도 주셨죠.{nl}이건 저의 작은 성의랍니다. 부디 옳은 일에 써 주세요.				클레릭 마스터
QUEST_UNUSED_20150317_000027	Previous quiet here there is no time temporarily or quiet now monsters.	예전엔 고요했던 이곳이 이제 몬스터들로 잠시도 조용할 때가 없습니다.				약한 부엉이 조각상
QUEST_UNUSED_20150317_000028	If you leave only my monster, it is to find and attack the soul that gather here.	저 몬스터를 그냥 두면 이곳에 모여드는 영혼을 공격하고 더럽힐 것입니다.				약한 부엉이 조각상
QUEST_UNUSED_20150317_000029	People are now better Denis mood decreased even a little.	녀석들이 조금이라도 줄어드니 기분이 나아졌습니다.				약한 부엉이 조각상
QUEST_UNUSED_20150317_000030	People has decided to let buried the remains of family here. {Nl} now it has been left on the land for uncovering monster all.	사람들은 가족의 유골함을 이곳에 묻어두곤 했습니다.{nl}지금은 몬스터들이 전부 파헤치기 때문에 땅 위에 방치되어 있습니다.				약한 부엉이 조각상
QUEST_UNUSED_20150317_000031	Here is time that that was heard little by little sad cries of bereaved family was ... the best of times.	이곳에 유족들의 슬픈 울음소리가 잠깐씩 들리던 그 시절이.. 가장 좋은 시절이었습니다.				약한 부엉이 조각상
QUEST_UNUSED_20150317_000032	Although relics you have not met yet is large, even look but I think that was good.	아직 거두지 못한 유물함이 많겠지만, 이나마 지켜내서 다행이라 생각합니다.				약한 부엉이 조각상
QUEST_UNUSED_20150317_000033	Image of other owl has come back soul must be India. {Nl} that a problem has occurred in the vicinity of the barrier is clear.	다른 부엉이 조각상들이 인도해야 할 영혼들이 돌아오고 있습니다.{nl}관문 부근에 문제가 생긴 것이 분명합니다.				약한 부엉이 조각상
QUEST_UNUSED_20150317_000034	What might, but I feel that we are only in something	뭔지 모르지만, 우리가 뭔가에 기만당하고 있는 느낌이 듭니다				약한 부엉이 조각상
QUEST_UNUSED_20150317_000035	It 's was Asmodian still. {Nl} Here people the tranquility in had defiled.	역시 마족이었군요.{nl}이곳의 고요를 녀석이 더럽히고 있었습니다.				약한 부엉이 조각상
QUEST_UNUSED_20150317_000036	Soul fled to the north might know the information about the person.	북쪽으로 달아난 영혼들이 녀석에 대한 정보를 알고 있을지 모릅니다.				약한 부엉이 조각상
QUEST_UNUSED_20150317_000037	Lost soul	길 잃은 영혼				
QUEST_UNUSED_20150317_000038	I you're alive. {Nl} However, is never safe you.	당신은 살아 있군요..{nl}하지만 당신도 결코 안전하지 않습니다.				길 잃은 영혼
QUEST_UNUSED_20150317_000039	Asmodian does not know what sniff, but ... my barrier, you need to open always.	마족이 무슨 꿍꿍인지는 모르겠습니다만… 저 관문은 꼭 열려야합니다.				약한 부엉이 조각상
QUEST_UNUSED_20150317_000040	I went to find an image of the owl at all of deeper. {Nl} or we will help me be able to escape from here?	모두 더 깊은 곳으로 부엉이 조각상을 찾아갔어요.{nl}우리가 이곳에서 탈출할 수 있게 좀 도와주시겠습니까?				길 잃은 영혼
QUEST_UNUSED_20150317_000041	Monster we will chase it tries to absorb the soul. {Nl} to do would steeped in evil forces getting caught caught in them.	몬스터는 영혼을 흡수하려고 쫓아 다닙니다.{nl}그들에게 사로잡히면 사악한 힘에 물들어 버리죠.				길 잃은 영혼
QUEST_UNUSED_20150317_000042	Thank you very much! {Nl} I can leave aiming this gap.	정말 고맙습니다!{nl}이 틈을 노려서 떠날 수 있겠군요..				길 잃은 영혼
QUEST_UNUSED_20150317_000043	Regret many souls	미련 많은 영혼				
QUEST_UNUSED_20150317_000044	I know. Soul went north before {nl} will not be able to get there. {Nl} However, the length can go to the image of the other owl in the upper. {Nl} for Sakumori our top of the hill, I do not Yes can go.	저는 알고 있어요.{nl}앞서 북쪽으로 갔던 영혼들은 그곳에 도달할 수 없을 거예요.{nl}하지만 이 위쪽에 다른 부엉이 조각상으로 갈 수 있는 길이 있어요.{nl}언덕 위의 사크몰리들 때문에 저는 갈 수 없지만..				미련 많은 영혼
QUEST_UNUSED_20150317_000045	Monster Why chase us. {Nl} It is painful. Also died ..	몬스터들은 왜 우리를 쫓아 다니는 것일까요..{nl}괴롭습니다.. 죽어서도..				미련 많은 영혼
QUEST_UNUSED_20150317_000046	The word is it true? Nante clogged length of {nl}.	그 말이 사실인가요?{nl}길이 막혀있다니..				미련 많은 영혼
QUEST_UNUSED_20150317_000047	It is not ginger. {Nl} once I let you know that the soul is where the opposite. {Nl} There is one Proceeding north owl image. And try to go there.	어쩔 수 없네요.{nl}일단 그 영혼들이 어디로 향했는지 알려드릴게요.{nl}북쪽으로 나아가면 부엉이 조각상이 하나 있습니다. 그곳으로 가보세요.				미련 많은 영혼
QUEST_UNUSED_20150317_000048	I want to leave before that gather people again.	다시 녀석들이 몰려오기 전에 떠나고 싶어요..				미련 많은 영혼
QUEST_UNUSED_20150317_000049	Sacred owl image	신성한 부엉이 조각상				
QUEST_UNUSED_20150317_000050	I have been attacked following the de scan all vinegar was mutated from the other day. {Nl} also my body that was made of wood If you leave this, you will be broken soon!	저는 얼마전부터 변이된 데스모두스에게 계속 공격당하고 있습니다.{nl}나무로 만들어진 제 몸도 이대로라면 곧 부서지겠죠!				신성한 부엉이 조각상
QUEST_UNUSED_20150317_000051	Yes not to want to create to wander me deposited obtained remains and soul again ...	제게 맡겨진 유골함이나 영혼들을 또 다시 방황하게 만들고 싶진 않습니다…				신성한 부엉이 조각상
QUEST_UNUSED_20150317_000052	It is unscrupulous people while small.	작지만 악랄한 녀석들이죠.				신성한 부엉이 조각상
QUEST_UNUSED_20150317_000053	sad, but our image does not allow you to carry out the mission given now sculptor like. {Nl} to be able to protect myself. {Nl}	슬프지만, 우리 조각상들은 지금 조각가님께서 부여한 임무를 수행 할 수 없습니다.{nl}저 자신을 보호할 수만 있다면..{nl}				신성한 부엉이 조각상
QUEST_UNUSED_20150317_000054	Soul responsible too many.	책임져야할 영혼들이 너무 많습니다.				신성한 부엉이 조각상
QUEST_UNUSED_20150317_000055	It is great!	훌륭하군요!				
QUEST_UNUSED_20150317_000056	Please proceed to the south. {Nl} there will be a statue to go crack like me.	남쪽으로 가세요.{nl}저처럼 부서져 가는 조각상이 있을 겁니다.				신성한 부엉이 조각상
QUEST_UNUSED_20150317_000057	Melancholy owl image	우울한 부엉이 조각상				
QUEST_UNUSED_20150317_000058	It is strange that living people come here. Do not look at the soul of {nl}, seems a few years have passed.	살아있는 사람이 이곳에 오다니 신기하군요.{nl}영혼들을 보지 못한지 몇 년은 지난 것 같습니다.				우울한 부엉이 조각상
QUEST_UNUSED_20150317_000059	Thanks to you, the last few years you will be able to hold out.	당신 덕분에 여기서 몇 년은 버틸 수 있을 것 같습니다.				신성한 부엉이 조각상
QUEST_UNUSED_20150317_000060	monster you've witnessed is unreasonable of hollow vendor that drove into a corner us. {Nl} in order to prevent the monsters, you will need to delete the empty owl. {Nl} ne because herd of hollow vendor is using the trap. {Nl} you need to make sure the image of the valley deep in the empty owl.	당신이 목격한 몬스터들은 저희를 궁지로 몰아넣은 할로우벤터 무리입니다.{nl}몬스터들을 막기 위해서는 텅 빈 부엉이들을 제거해야 합니다.{nl}할로우벤터 무리가 덫으로 이용하고 있으니 말입니다.{nl}계곡 깊은 곳의 텅 빈 부엉이 조각상들을 확인해야합니다.				우울한 부엉이 조각상
QUEST_UNUSED_20150317_000061	Soul will find the the owl. {Nl} will cause bite into the empty owl. {Nl} people soul knows very well the fact that get lost to find us	영혼은 부엉이들을을 찾아갑니다.{nl}하지만 텅빈 부엉이에게 먹혀버리지요.{nl}녀석은 영혼들이 우릴 찾아 헤맨다는 사실을 너무 잘 알고 있습니다				우울한 부엉이 조각상
QUEST_UNUSED_20150317_000062	To that utilize a large number of image.	그렇게 많은 조각상을 이용하고 있을 줄이야..				우울한 부엉이 조각상
QUEST_UNUSED_20150317_000063	The soul who have been said, it was the place where the soul has been found our owl. The {nl} now, it would be filled with traps of hollow vendor unreasonable is installed. {Nl} pitfalls of herd of hollow vendor will be the threat to anyone.	당신이 만난 영혼들이 말한 곳은 영혼들이 우리 부엉이들을 찾아 왔던 곳이었습니다.{nl}지금은 할로우벤터 무리가 설치한 함정으로 가득하죠.{nl}할로우벤터 무리의 함정은 누구에게나 위협이 됩니다.				우울한 부엉이 조각상
QUEST_UNUSED_20150317_000064	If soul you have lost the way, we will look for another soul. {Nl} bright trap, I'm tempted so the soul.	영혼은 길을 잃으면 또 다른 영혼을 찾아갑니다.{nl}밝게 빛나는 함정은 그런식으로 영혼들을 유혹하지요.				우울한 부엉이 조각상
QUEST_UNUSED_20150317_000065	I I have had a lot of pitfalls.	많은 함정이 있었군요..				우울한 부엉이 조각상
QUEST_UNUSED_20150317_000066	Hollow Venter is to such should be in the neighborhood of Yorusu~euru. {Nl} It is strange.	열쇠을 가진 할로우벤터가 주변에 있을 텐데..{nl}이상하군요.				우울한 부엉이 조각상
QUEST_UNUSED_20150317_000067	Peripheral hollow vendors need to defeat a swarm of ants seems to display. {Nl} If you do not come out, will must be drag.	주변 할로우벤터 무리를 처치해야 나타날 것 같습니다.{nl}나오지 않는다면 끌어내야겠지요.				우울한 부엉이 조각상
QUEST_UNUSED_20150317_000068	Or Will the monster Where appeared?	저 몬스터들은 어디서 나타난 것일까요?				우울한 부엉이 조각상
QUEST_UNUSED_20150317_000069	If this does not come out. {Nl} There is a idea.	이래도 나오지 않았다면..{nl}짚이는 곳이 있습니다..				우울한 부엉이 조각상
QUEST_UNUSED_20150317_000070	Even this Nante does not come out a hollow Venter of key, there will be in the place where it was told to me always {nl}.	이래도 열쇠를 가진 할로우벤터가 나오지 않는다니..{nl}반드시 제가 알려드린 곳에 있을 겁니다.				우울한 부엉이 조각상
QUEST_UNUSED_20150317_000071	You will clearly represent the figure and you arrive.	당신이 도착하면 분명히 모습을 드러낼 겁니다.				우울한 부엉이 조각상
QUEST_UNUSED_20150317_000072	This is the key .. barrier.	이건.. 관문 열쇠입니다.				우울한 부엉이 조각상
QUEST_UNUSED_20150317_000073	I open the front door with a key. {Nl} there will be a soul of assistant who will lead the soul to the other side of the barrier. {Nl} the soul might be able to help you.	열쇠로 관문을 여십시오.{nl}관문의 건너편에 영혼들을 인도해주는 길잡이 영혼이 있을 겁니다.{nl}그 영혼이 당신을 도와줄 겁니다.				우울한 부엉이 조각상
QUEST_UNUSED_20150317_000074	Sometimes in the soul, there are those who serve and left to than receive India. The soul is such a category.	가끔 영혼들 중엔 인도받기보단 남아서 봉사하는 분들이 있습니다. 그 영혼은 그런 부류입니다.				우울한 부엉이 조각상
QUEST_UNUSED_20150317_000075	Assistant soul	길잡이 영혼				
QUEST_UNUSED_20150317_000076	Hello! {Nl} Oh, I Are You to be folded alive.	안녕하세요!{nl}아.. 살아계신 분이군요.				길잡이 영혼
QUEST_UNUSED_20150317_000077	I've already passed the time to receive India. However, I was not acquired absolutely. {Nl} before you come, I is where you had to give up without a soul if unless assistance. {Nl} Now go and please open the barrier. Please tell sure {nl} and toward the owl image here now and safety of!	저는 이미 인도받을 시기가 지났습니다. 하지만 절대로 타락하지 않았죠.{nl}당신이 오기 전까진 제가 안내해야 할 영혼이 없어서 포기하고 있던 참입니다.{nl}이제 가서 저 관문을 열어주세요.{nl}그리고 건너편의 부엉이 조각상에게 이제 여긴 안전하다고 꼭 전해주세요!				길잡이 영혼
QUEST_UNUSED_20150317_000078	Me? To my story, is often too circumstances ...	저요? 제 이야기를 하려면 사연이 너무 많은데…				길잡이 영혼
QUEST_UNUSED_20150317_000079	When getting rid of Asmodian, had its load is thought lost. {Nl} I it was not. Thank you for opening the door.	마족을 처치하면 그 부하들이 사라질 줄 알았는데..{nl}아니었군요. 문을 열어 주셔서 감사합니다.				약한 부엉이 조각상
QUEST_UNUSED_20150317_000080	Please listen to the advice in the soul of the assistant. {Nl} get lost and need help to soul.	길잡이 영혼에게 조언을 들으세요.{nl}헤매는 영혼에게 도움이 필요합니다..				약한 부엉이 조각상
QUEST_UNUSED_20150317_000081	I troubled. The force is, also let's do if the Asmodian?	곤란하네요. 그 힘이 또 마족이면 어떡하죠?				약한 부엉이 조각상
QUEST_UNUSED_20150317_000082	Oh, but I you say the soul. {Nl} It has been lost in the place a high hill.	아, 그 영혼을 말씀하시는군요.{nl}그건 언덕 높은 곳에서 헤매고 있습니다.				길잡이 영혼
QUEST_UNUSED_20150317_000083	If visible, I will inform the direction of the machine. {Nl} There dark slime a lot on the road in the visible. {Nl} will clearly be a major threat to you.	가시겠다면 방향을 알려드리겠습니다.{nl}하지만 가시는 길에 다크슬라임이 많이 있습니다. {nl}분명 당신에게 큰 위협이 될 것입니다.				길잡이 영혼
QUEST_UNUSED_20150317_000084	Thing is for sure, it is never that it is not until the group. {Nl} However, I looks very confusing.	확실한 것은 그게 결코 마족이 아니라는 것입니다.{nl}그런데  매우 혼란스러워 보입니다.				길잡이 영혼
QUEST_UNUSED_20150317_000085	Soul of unknown name	이름 모를 영혼				
QUEST_UNUSED_20150317_000086	We owl was waiting for you. {Nl} welcome.	우리 부엉이들은 당신을 기다리고 있었습니다.{nl}환영합니다.				약한 부엉이 조각상
QUEST_UNUSED_20150317_000087	So has around there or black. {Nl} sculptor like is looking at this forest, How sad conviction.	저기 검은 지그리들이 돌아다니고 있습니다.{nl}조각가님께서 이 숲을 보면 얼마나 슬퍼하실지..				약한 부엉이 조각상
QUEST_UNUSED_20150317_000088	It is also is a sore chest look only remains that are scattered in front of it.	저 앞에 흩어져 있는 유골함만 봐도 가슴이 아픕니다.				약한 부엉이 조각상
QUEST_UNUSED_20150317_000089	Red Puragiga are threatening us. Please see that you walk around there {nl}.	붉은 푸라기가 우리를 위협하고 있습니다.{nl}저기 돌아다니는 것 좀 보세요.				길 잃은 영혼
QUEST_UNUSED_20150317_000090	And between which there is a black Sakumori .. you will not be able to pass through. {Nl} is full of black Sakumori on top of the hill.	검은 사크몰리들이 저기 있는 동안에는.. 지나갈 수 없습니다.{nl}언덕 위에 검은 사크몰리가 가득해요.				미련 많은 영혼
QUEST_UNUSED_20150317_000091	How to protect I was thinking. And but's ear {nl} Fisherman swallowed soul, DP will be felt. {Nl} If Fisherman visited swallowed DP.	저를 보호할 방법이 생각났습니다.{nl}피셔맨들이 집어삼킨 영혼들에서 미미하게나마 신성력이 느껴집니다.{nl}피셔맨들이 삼킨 신성력을 찾아온다면..				신성한 부엉이 조각상
QUEST_UNUSED_20150317_000092	I wait for the owl image	부엉이 조각상의 기다림				
QUEST_UNUSED_20150317_000093	Silence of the forest (1)	고요의 숲(1)				
QUEST_UNUSED_20150317_000094	I'll get rid of the Black Zigri	검은 지그리를 처치하겠다고 제안한다				
QUEST_UNUSED_20150317_000095	Silence of the forest (2)	고요의 숲(2)				
QUEST_UNUSED_20150317_000096	{memo X}The remains of the Notice / soul I told weak owl image.	Notice/영혼의 유골함을 약한부엉이 조각상에게 전달했습니다.				
QUEST_UNUSED_20150317_000097	Silence of the forest (3)	고요의 숲(3)				
QUEST_UNUSED_20150317_000098	We propose is to confirm the barrier	관문을 확인하겠다고 제안한다				
QUEST_UNUSED_20150317_000099	Silence of the forest (4)	고요의 숲(4)				
QUEST_UNUSED_20150317_000100	To provide that the try to find the soul	영혼을 찾아보겠다고 제안한다				
QUEST_UNUSED_20150317_000101	Soul that has entered into the poison (1)	독 안에 든 영혼(1)				
QUEST_UNUSED_20150317_000102	I'll get rid of the Puragi	붉은 푸라기를 처치하겠다고 제안한다				
QUEST_UNUSED_20150317_000103	Soul that has entered into the poison (2)	독 안에 든 영혼(2)				
QUEST_UNUSED_20150317_000104	I'll get rid of the Black Sakamoli	검은 사카몰리를 처치하겠다고 제안한다				
QUEST_UNUSED_20150317_000105	Soul that has entered into the poison (3)	독 안에 든 영혼(3)				
QUEST_UNUSED_20150317_000106	To provide as try to check the owl image	부엉이 조각상을 확인해보겠다고 제안한다				
QUEST_UNUSED_20150317_000107	Soul that has entered into the poison (4)	독 안에 든 영혼(4)				
QUEST_UNUSED_20150317_000108	{memo X}Checking /MAKING/2.5/TRACK_BEFORE/None	확인 중/MAKING/2.5/TRACK_BEFORE/None				
QUEST_UNUSED_20150317_000109	Relief request of owl image	부엉이 조각상의 구원요청				
QUEST_UNUSED_20150317_000110	I'll get rid of the Desmodus	데스모두스를 처치하겠다고 제안한다				
QUEST_UNUSED_20150317_000111	Asmodian soaked in the woods (1)	숲에 스며든 마족(1)				
QUEST_UNUSED_20150317_000112	We propose to give help	도움을 주겠다고 제안한다				
QUEST_UNUSED_20150317_000113	Asmodian soaked in the forest (2)	숲에 스며든 마족(2)				
QUEST_UNUSED_20150317_000114	We propose that the visit the owl image	부엉이 조각상을 찾아가겠다고 제안한다				
QUEST_UNUSED_20150317_000115	Soul of Hunter (1)	영혼 사냥꾼(1)				
QUEST_UNUSED_20150317_000116	We propose is to confirm the owl image	부엉이 조각상을 확인하겠다고 제안한다				
QUEST_UNUSED_20150317_000117	Soul of Hunter (2)	영혼 사냥꾼(2)				
QUEST_UNUSED_20150317_000118	We propose that you want to remove the trap	함정을 제거하겠다고 제안한다				
QUEST_UNUSED_20150317_000119	Soul of Hunter (3)	영혼 사냥꾼(3)				
QUEST_UNUSED_20150317_000120	I'll get rid of the Hallowventers	할로우벤터 무리를 처치하겠다고 제안한다				
QUEST_UNUSED_20150317_000121	Soul Hunter (4)	영혼 사냥꾼(4)				
QUEST_UNUSED_20150317_000122	I'll get rid of the Hallowventer	할로우벤터를 처치하겠다고 제안한다				
QUEST_UNUSED_20150317_000123	Opening the barrier (1)	관문 열기(1)				
QUEST_UNUSED_20150317_000124	Opening the barrier (2)	관문 열기(2)				
QUEST_UNUSED_20150317_000125	I willing to talk of soul in owl image	부엉이 조각상에게 영혼의 이야기를 전해준다				
QUEST_UNUSED_20150317_000126	soul get lost (1)	헤매는 영혼(1)				
QUEST_UNUSED_20150317_000127	soul get lost (2)	헤매는 영혼(2)				
QUEST_UNUSED_20150317_000128	I'll get rid of the Dark Slime	다크 슬라임을 처치하겠다고 제안한다				
QUEST_UNUSED_20150317_000129	soul get lost (3)	헤매는 영혼(3)				
QUEST_UNUSED_20150317_000130	Attack of BiteRegina	비테레지나의 습격				
QUEST_UNUSED_20150317_000131	Attack of Werewolf	웨어울프의 습격				
QUEST_UNUSED_20150317_000132	{memo X}Notice /! / Please defeat Werewolf!	Notice/!/웨어울프를 처치하세요!				
QUEST_UNUSED_20150317_000133	Ma was occupied the tower of wizard monarch	마법사의 탑을 점령한 마군주				
QUEST_UNUSED_20150317_000134	{memo X}	재물에도 은혜를[파드너 전직](4)				
QUEST_UNUSED_20150317_000135	Behind closed doors of secret	밀실의 비밀				
QUEST_UNUSED_20150317_000136	I'll take the bet	내기에 응하겠다고 한다				
QUEST_UNUSED_20150317_000137	I accept the test	시험을 받아 들인다				
QUEST_UNUSED_20150317_000138	Positive of curiosity	호기심의 긍정				
QUEST_UNUSED_20150317_000139	I'll do it	해주겠다고 한다				
QUEST_UNUSED_20150317_000140	I interact with weak owl image	약한 부엉이 조각상과 대화한다				
QUEST_UNUSED_20150317_000141	{memo X}	자루머리 고개 진입				
QUEST_UNUSED_20150317_000142	{memo X}	자루머리 고개로 이동한다				
QUEST_UNUSED_20150317_000143	Black or so treatment	검은 지그리 처치				
QUEST_UNUSED_20150317_000144	I will get rid of black or so	검은 지그리를 처치한다				
QUEST_UNUSED_20150317_000145	The recovered the remains	유골함을 회수				
QUEST_UNUSED_20150317_000146	{memo X}	자루머리 고개입구에 흩어져 있는 유골함을 모아온다				
QUEST_UNUSED_20150317_000147	Check the soul of the barrier	영혼의 관문 확인				
QUEST_UNUSED_20150317_000148	Come back to make sure the soul of the barrier	영혼의 관문을 확인하고 돌아온다				
QUEST_UNUSED_20150317_000149	Lost souls and conversation	길 잃은 영혼과 대화				
QUEST_UNUSED_20150317_000150	To talk to the lost souls to climb along the north of the road	북쪽길을 따라 올라가 길 잃은 영혼과 대화한다				
QUEST_UNUSED_20150317_000151	I will talk to the lost souls	길 잃은 영혼과 대화한다				
QUEST_UNUSED_20150317_000152	Red plastic machine treatment	붉은 푸라기 처치				
QUEST_UNUSED_20150317_000153	I do red plastic machine treatment	붉은 푸라기를 처치한다				
QUEST_UNUSED_20150317_000154	Regret many souls and conversation	미련 많은 영혼과 대화				
QUEST_UNUSED_20150317_000155	I will talk to regret many souls	미련 많은 영혼과 대화한다				
QUEST_UNUSED_20150317_000156	Black Sakumori treatment	검은 사크몰리 처치				
QUEST_UNUSED_20150317_000157	I getting rid of black Sakumori	검은 사크몰리를 처치한다				
QUEST_UNUSED_20150317_000158	Kurosaka Molly treatment	검은 사카몰리 처치				
QUEST_UNUSED_20150317_000159	Check the owl image	부엉이 조각상 확인				
QUEST_UNUSED_20150317_000160	I check the owl image	부엉이 조각상을 확인한다				
QUEST_UNUSED_20150317_000161	monster extermination to surging	몰려드는 몬스터 처치				
QUEST_UNUSED_20150317_000162	I will exterminate the monster surging	몰려드는 몬스터를 처치한다				
QUEST_UNUSED_20150317_000163	Conversation with sacred owl image	신성한 부엉이 조각상과 대화				
QUEST_UNUSED_20150317_000164	I interact with the sacred owl image	신성한 부엉이 조각상과 대화한다				
QUEST_UNUSED_20150317_000165	All Death Church	데스모두스 처치				
QUEST_UNUSED_20150317_000166	All Death I getting rid of scan	데스모두스를 처치한다				
QUEST_UNUSED_20150317_000167	Fisherman, and part recovery of DP	피셔맨에게 신성력조각 회수				
QUEST_UNUSED_20150317_000168	Fisherman, it has regained part of DP	피셔맨에게 신성력조각을 되찾아온다				
QUEST_UNUSED_20150317_000169	Red Fisherman treatment	붉은 피셔맨 처치				
QUEST_UNUSED_20150317_000170	Conversation with gloomy owl image	우울한 부엉이 조각상과 대화				
QUEST_UNUSED_20150317_000171	I interact with gloomy owl image	우울한 부엉이 조각상과 대화한다				
QUEST_UNUSED_20150317_000172	Check the empty owl image	텅빈 부엉이 조각상 확인				
QUEST_UNUSED_20150317_000173	I check the empty owl image	텅빈 부엉이 조각상을 확인한다				
QUEST_UNUSED_20150317_000174	Pitfalls Delete soul	영혼의 함정 제거				
QUEST_UNUSED_20150317_000175	You want to delete by searching the pitfalls of soul	영혼의 함정을 찾아서 제거한다				
QUEST_UNUSED_20150317_000176	Load treatment of Necroventer	네크로벤터의 부하 처치				
QUEST_UNUSED_20150317_000177	I will exterminate the load of Necroventer	네크로벤터의 부하들을 처치한다				
QUEST_UNUSED_20150317_000178	Load treatment of soul of Hunter	영혼 사냥꾼의 부하 처치				
QUEST_UNUSED_20150317_000179	Treatment of key keeper Hello vendor	열쇠 지기 헬로우벤터 처치				
QUEST_UNUSED_20150317_000180	I get the key to defeat key keeper Hello Venter	열쇠 지기 헬로우벤터 처치하고 열쇠를 획득한다				
QUEST_UNUSED_20150317_000181	Key keeper	열쇠 지기				
QUEST_UNUSED_20150317_000182	Load of hollow vendor	할로우벤터의 부하				
QUEST_UNUSED_20150317_000183	Soul and conversation of Assistant	길잡이 영혼과 대화				
QUEST_UNUSED_20150317_000184	I talk to the soul of the Assistant	길잡이 영혼과 대화한다				
QUEST_UNUSED_20150317_000185	I beat the monster to interfere	방해하는 몬스터를 처치				
QUEST_UNUSED_20150317_000186	I have defeated the monster that interfere	방해하는 몬스터를 처치한다				
QUEST_UNUSED_20150317_000187	Remnants extermination of Necroventer	네크로벤터의 잔당 처치				
QUEST_UNUSED_20150317_000188	Black slime extermination	검은 슬라임 처치				
QUEST_UNUSED_20150317_000189	I will defeat the black slime	검은 슬라임을 처치한다				
QUEST_UNUSED_20150317_000190	Check the suspicious location	의심스런 장소 확인				
QUEST_UNUSED_20150317_000191	I confirm the suspected location	의심스런 장소를 확인한다				
QUEST_UNUSED_20150317_000192	During the time limit, the defense of the region	제한 시간동안 지역방어				
QUEST_UNUSED_20150317_000193	I survive from between the time limit pounce monster attacks	제한 시간동안 덤벼드는 몬스터의 공격에서 살아 남는다				
QUEST_UNUSED_20150317_000194	Soul a conversation with unknown name	이름 모를 영혼과 대화				
QUEST_UNUSED_20150317_000195	I will talk to the soul of unknown name	이름 모를 영혼과 대화한다				
QUEST_UNUSED_20150317_000196	Monster extermination to block the road	길을 가로막는 몬스터 처치				
QUEST_UNUSED_20150317_000197	Please to defeat the BiteRegina	비테레지나를 처치하세요				
QUEST_UNUSED_20150317_000198	BiteRegina treatment	비테레지나 처치				
QUEST_UNUSED_20150317_000199	Werewolf appeared	웨어울프가 나타났습니다				
QUEST_UNUSED_20150317_000200	Werewolf extermination that appeared suddenly	갑자기 나타난 웨어울프 처치				
QUEST_UNUSED_20150317_000201	Werewolf extermination	웨어울프 처치				
QUEST_UNUSED_20150317_000202	Hamin treatment	하밍 처치				
QUEST_UNUSED_20150317_000203	Ma monarch search that occupied the tower of the wizard	마법사의 탑을 점령한 마군주 찾기				
QUEST_UNUSED_20150317_000204	Please find between monarch Helgasercle occupied the tower of the wizard.	마법사의 탑을 점령한 마군주 헬가세르클을 찾아보세요.				
QUEST_UNUSED_20150317_000205	{memo X}	페디미안의 도구상인 만나기				
QUEST_UNUSED_20150317_000206	Suddenly appeared Swordsman master and conversation	갑자기 나타난 소드맨 마스터와 대화				
QUEST_UNUSED_20150317_000207	Somehow, Swordsman master noticed in front of you. Please try to divide the conversation.	어떤 이유인지 당신의 앞에 소드맨 마스터가 나타났습니다. 대화를 나누어 보세요.				
QUEST_UNUSED_20150317_000208	Hidden Quest occurrence	히든 퀘스트 발생				
QUEST_UNUSED_20150317_000209	Hidden Quest has occurred. Please Kill Banshee behind closed doors of Katyn.	숨겨진 퀘스트가 발생하였습니다. 카틴의 밀실에서 밴시를 사냥하세요.				
QUEST_UNUSED_20150317_000210	The test of Swordsman master I was successfully completed. Please go find a Klaipeda of Swordsman master.	소드맨 마스터의 시험을 무사히 마쳤습니다. 클라페다에 있는 소드맨 마스터를 찾아 가세요.				
QUEST_UNUSED_20150317_000211	Banshee treatment	밴시 처치				
QUEST_UNUSED_20150317_000212	Suddenly appeared wizard master and conversation	갑자기 나타난 위저드 마스터와 대화				
QUEST_UNUSED_20150317_000213	Somehow, wizard master noticed in front of you. And try the conversation {nl}	어떤 이유인지 당신의 앞에 위저드 마스터가 나타났습니다. 대화를 나누어 보세요.{nl}				
QUEST_UNUSED_20150317_000214	Find Wizard Master	위저드 마스터 찾아가기				
QUEST_UNUSED_20150317_000215	The test of the wizard master I was successfully completed. Please go find a Klaipeda of wizard master.	위저드 마스터의 시험을 무사히 마쳤습니다. 클라페다에 있는 위저드 마스터를 찾아 가세요.				
QUEST_UNUSED_20150317_000216	Archer Master and conversation that appeared suddenly	갑자기 나타난 아처 마스터와 대화				
QUEST_UNUSED_20150317_000217	Somehow, I noticed bow master in front of you. Please try to divide the conversation.	어떤 이유인지 당신의 앞에 아처 마스터가 나타났습니다. 대화를 나누어 보세요.				
QUEST_UNUSED_20150317_000218	Hidden Quest has occurred. Please Kill Banshee behind closed doors of Katyn	숨겨진 퀘스트가 발생하였습니다. 카틴의 밀실에서 밴시를 사냥하세요				
QUEST_UNUSED_20150317_000219	The master of the test of Archer I was successfully completed. Please go to find a Klaipeda of Archer of master.	아처 마스터의 시험을 무사히 마쳤습니다. 클라페다에 있는 아처 마스터를 찾아 가세요.				
QUEST_UNUSED_20150317_000220	Cleric master and conversation that appeared suddenly	갑자기 나타난 클레릭 마스터와 대화				
QUEST_UNUSED_20150317_000221	Somehow, Cleric master noticed in front of you. Please try to divide the conversation.	어떤 이유인지 당신의 앞에 클레릭 마스터가 나타났습니다. 대화를 나누어 보세요.				
QUEST_UNUSED_20150317_000222	The test of Cleric master I was successfully completed. Please go find a Klaipeda of Cleric master.	클레릭 마스터의 시험을 무사히 마쳤습니다. 클라페다에 있는 클레릭 마스터를 찾아 가세요.				
QUEST_UNUSED_20150317_000223	Gatekeeper owl is good to examine you. Please try to talk to the gatekeeper owl.	문지기 부엉이는 당신을 알아보고 반가워 합니다. 문지기 부엉이와 대화해 보세요.				
QUEST_UNUSED_20150317_000224	Available from the Cathedral of marble sculpture	대성당에서 대리석 조각 구하기				
QUEST_UNUSED_20150317_000225	Words owl image of gatekeeper owl, and you want to give back to the sculptor Tesla. Please obtain a sculpture of marble from the Cathedral of monsters.	문지기 부엉이의 말로는 부엉이 조각상들은 조각가 테슬라에게 은혜를 갚고 싶어 한다고 합니다. 대성당의 몬스터에게서 대리석 조각을 구하세요.				
QUEST_UNUSED_20150317_000226	Marble sculpture transferred to the sculptor Tesla	조각가 테슬라에게 대리석 조각 전달				
QUEST_UNUSED_20150317_000227	{memo X}	대리석 조각을 충분히 구한 것 같습니다. 마름포석골에 있는 조각가 테슬라에게 대리석 조각을 가져다 주세요.				
QUEST_UNUSED_20150323_000228	荑⑤젅 怨좉컻 吏꾩엯	쿨레 고개 진입				
QUEST_UNUSED_20150323_000229	荑⑤젅 怨좉컻濡??대룞?쒕떎	쿨레 고개로 이동한다				
QUEST_UNUSED_20150323_000230	荑⑤젅 怨좉컻?낃뎄???⑹뼱???덈뒗 ?좉낏?⑥쓣 紐⑥븘?⑤떎	쿨레 고개입구에 흩어져 있는 유골함을 모아온다				
QUEST_UNUSED_20150323_000231	?由ъ꽍 議곌컖??異⑸텇??援ы븳 寃?媛숈뒿?덈떎. 鍮꾩뿉? 怨꾧끝???덈뒗 議곌컖媛 ?뚯뒳?쇱뿉寃??由ъ꽍 議곌컖??媛?몃떎 二쇱꽭??	대리석 조각을 충분히 구한 것 같습니다. 비에타 계곡에 있는 조각가 테슬라에게 대리석 조각을 가져다 주세요.				
QUEST_UNUSED_20150714_000232		그래도 혹시 모르니 이 주변의 몬스터 퇴치를 부탁드리겠습니다.{nl}로도마 제1 유적지의 몬스터가 난폭하게 변했다는 보고도 있었거든요.	QUEST_LV_0100_20150317_000139	{memo X}Please defeat all monsters nearby to prevent anything from happening.{nl}There were reports that the monsters at the 1st Architects' Site had turned violent.	그래도 혹시 모르니 이 주변의 몬스터 처치를 부탁드리겠습니다.{nl}로도마 제1 유적지의 몬스터가 난폭하게 변했다는 보고도 있었거든요.	용병 글렌
QUEST_UNUSED_20150714_000233		어쨌든, 좋습니다. {nl}무명용사의 무덤에서 방황하는 망령이 가지고 있는 영혼의 정수가 필요합니다.{nl}무슨 수를 써도 상관없으니 그들에게 영혼의 정수를 받아 주시지요.	QUEST_LV_0100_20150317_001604	{memo X}Anyways, It's good.{nl}I need the Essence of Spirit from the spirit that is wandering around the grave of unknown warrior.{nl}You can do anything, just bring us the Essence.	어쨌든, 좋습니다. {nl}무명용사의 무덤에서 방황하는 망령이 가지고 있는 영혼의 정수가 필요합니다.{nl}무슨 수를 써도 상관없으니 그들에게 영혼의 정수를 받아 주시지요. 	무덤지기 부엉이 조각상
QUEST_UNUSED_20150714_000234		하지만 제가 원하는 것은 순수한 영혼입니다.{nl}가져오신 두 개의 영혼석을 성물함에 넣고 정화했으면 합니다.	QUEST_LV_0200_20150317_000699	{memo X}But what I want is a pure soul. {nl}I want you to place the two soul stones in the holy box and purify it.	하지만 제가 원하는 것은 순수한 영혼입니다.{nl}가져오신 두 개의 영혼석을 성물함에 넣고 정화했으면 합니다. 	무덤지기 부엉이 조각상
QUEST_UNUSED_20150714_000235		조금 전에 찾아 주셨던 금속판.. 아무래도 다음 부분이 남아있는 것 같아요.{nl}제가 찾은 금속판은 그게 전부인데 큰일이네요.{nl}				알뤼다
QUEST_UNUSED_20150714_000236		아, 아직 한 군데 찾지 않은 곳이 있기는 해요. 폴사스 가도요.{nl}그곳에 한 번 가 봐 주실래요?				알뤼다
QUEST_UNUSED_20150714_000237		잘 되어 가시나요?{nl}제 생각이 좀 짧았나봐요.				알뤼다
QUEST_UNUSED_20150714_000238		연구 자료입니다. 크리오맨서 마스터에게 기티스 대신해서 연구 자료를 준다고 말씀하시면 됩니다.	QUEST_LV_0200_20150323_003824	{memo X}These are the research documents. Tell Cryomancer Master that you would hand over the research documents on behalf of Gitis.	연구 자료입니다. 크리오맨서 마스터에게 기티스 대신해서 연구 자료를 준다고 말씀하시면 됩니다. 	파이로맨서 마스터
QUEST_UNUSED_20150714_000239		저 우드 고블린들을 통솔하는 거대한 녀석이 있습니다.				수도사 제프리
QUEST_UNUSED_20150714_000240		이곳 라우키에 저습지에서 자이언트 우드 고블린을 마주치실지도 모르겠군요.{nl}그렇게 된다면 힘드시더라도 꼭 없애 주시기 바랍니다.				수도사 제프리
QUEST_UNUSED_20150714_000241		덩치에 걸맞게 강력한 녀석입니다. 부디 조심하십시오.				수도사 제프리
QUEST_UNUSED_20150714_000242		녀석을 상대하시게 된다면 다른 사람들과 함께 하시기를 권합니다.				수도사 제프리
QUEST_UNUSED_20150714_000243		그 녀석을 쓰러뜨리실 줄이야...{nl}계시자님은 제 생각 이상으로 강력한 분이시로군요. 감탄했습니다.{nl}계시자님과 함께라면 수도원 수복도 손쉬운 일이 아닐까 싶군요.				수도사 제프리
QUEST_UNUSED_20150714_000244		유인물 배치 중				
QUEST_UNUSED_20150714_000245		불 붙이는 중				
QUEST_UNUSED_20150714_000246	{memo X}	Notice/영혼의 유골함을 약한 부엉이 조각상에게 전달했습니다	QUEST_UNUSED_20150317_000096	{memo X}The remains of the Notice / soul I told weak owl image.	Notice/영혼의 유골함을 약한부엉이 조각상에게 전달했습니다.	
QUEST_UNUSED_20150714_000247		열쇠 설치 중				
QUEST_UNUSED_20150714_000248		미끼를 놓는 중				
QUEST_UNUSED_20150714_000249		제초제 사용 중				
QUEST_UNUSED_20150714_000250	{memo X}	Notice/보급품 상자를 파괴하고 도망간 부베를 추적하세요!#10	QUEST_LV_0200_20150317_001781	{memo X}Notice /Chase the Vubbes that destroyed the supplies box and ran way! # 10	Notice/보급품 상자를 파괴하고 도망간 부베를 추적하십시오!#10	
QUEST_UNUSED_20150714_000251	{memo X}	Notice/도망간 부베족을 추적하세요!#8	QUEST_LV_0200_20150317_001784	{memo X}Notice / Let's find the Vubbes that ran away! # 8	Notice/도망간 부베족을 추적하자!#8	
QUEST_UNUSED_20150714_000252	{memo X}	Notice/다음 지역으로 이동하세요#5				
QUEST_UNUSED_20150714_000253	{memo X}	Notice/!/길을 막고있는 레푸스를 처치하세요!#8	QUEST_LV_0100_20150317_003522	{memo X}Notice/!/Defeat Lepus who is blocking the way!#8	Notice/!/길을 막고있는 레푸스 처치!#8	
QUEST_UNUSED_20150714_000254	{memo X}	Notice/길을 막고있는 레푸스를 처치했습니다!#8	QUEST_LV_0100_20150317_003523	{memo X}Notice/!/Defeated Lepus who was blocking the way!#8	Notice/길을 막고있는 레푸스 처치 완료!#8	
QUEST_UNUSED_20150714_000255		태우는 중				
QUEST_UNUSED_20150714_000256		보이지 않으면 읽을 수 없어				
QUEST_UNUSED_20150714_000257		불발탄 처리(1)				
QUEST_UNUSED_20150714_000258	{memo X}	어떻게 처리하는지 대해 묻는다.				
QUEST_UNUSED_20150714_000259	{memo X}	알아서 처리하라고 한다.	QUEST_LV_0100_20150317_002557	Just go	그냥 간다	
QUEST_UNUSED_20150714_000260		불발탄 처리(2)				
QUEST_UNUSED_20150714_000261	{memo X}	불발탄 처리하겠다고 한다.				
QUEST_UNUSED_20150714_000262		마지막 한 마리까지				
QUEST_UNUSED_20150714_000263		노력해 보겠다고 한다.				
QUEST_UNUSED_20150714_000264		아무래도 그런 녀석은 벅차다며 거절한다.				
QUEST_UNUSED_20150714_000265		불발탄 처리				
QUEST_UNUSED_20150714_000266		전초구역을 돌아다니가 불발탄을 발견했습니다. 불발탄을 처리할 방법에 대해서 새퍼 마스터에게 물어보세요.				
QUEST_UNUSED_20150714_000267		새퍼 마스터가 불발탄 처리 방법에 대해서 설명하려고 합니다. 새퍼 마스터와 대화하세요.				
QUEST_UNUSED_20150714_000268	{memo X}	불발탄 해제하기				
QUEST_UNUSED_20150714_000269	{memo X}	새퍼 마스터가 알려준대로 폭탄 제거 도구를 사용해서 불발탄을 회수하세요.				
QUEST_UNUSED_20150714_000270	{memo X}	회수한 불발탄을 새퍼 마스터에게 전달하세요.				
QUEST_UNUSED_20150714_000271		제프리는 아직 신경쓸 것이 남은 것 같습니다. 그와 대화해 보세요.				
QUEST_UNUSED_20150714_000272		자이언트 우드 고블린 처치				
QUEST_UNUSED_20150714_000273		제프리는 우드 고블린들을 통솔하는 자이언트 우드 고블린을 처치해 줄 것을 부탁했습니다.				
QUEST_UNUSED_20150714_000274		자이언트 우드 고블린을 처치하는 데에 성공했습니다. 제프리에게 그 사실을 알려 주세요.				
QUEST_UNUSED_20150717_000275		큐폴 메일레				
QUEST_UNUSED_20150717_000276		쉬트리가일라				
QUEST_UNUSED_20150717_000277	{memo X}	석화 서리를 피해				
QUEST_UNUSED_20150717_000278		상자에 든 것은..?				
QUEST_UNUSED_20150717_000279		몬스터가 품은 부대 인장				
QUEST_UNUSED_20150717_000280	{memo X}	모아보겠다고 한다.				
QUEST_UNUSED_20150717_000281	{memo X}	별로 관심 없다고 한다.				
QUEST_UNUSED_20150717_000282		석화 탐지기 살펴 보기				
QUEST_UNUSED_20150717_000283	{memo X}	연안 요새 입구의 석화 탐지기를 살펴 보세요.				
QUEST_UNUSED_20150717_000284	{memo X}	석화 서리 피하기				
QUEST_UNUSED_20150717_000285	{memo X}	탐지기를 살펴 보려 하자 공교롭게도 갑자기 뒤쪽에서 뭔가가 다가옵니다! 아마도 석화서리 인 듯 합니다! 석화 서리를 피해 안전한 곳으로 달리세요!				
QUEST_UNUSED_20150717_000286	{memo X}	보물상자 열어보기				
QUEST_UNUSED_20150717_000287		연안요새 한 구석에 있는 보물상자가 수상합니다. 다가가 열어 보세요.				
QUEST_UNUSED_20150717_000288	{memo X}	석화서리를 피해 몬스터 처치하기				
QUEST_UNUSED_20150717_000289	{memo X}	상자를 열자 미약한 석화서리가 나오면서 주변에서 몬스터들까지 달려 듭니다! 석화서리를 피해서 몬스터들을 모두 처치하세요.				
QUEST_UNUSED_20150717_000290		빌헬미나 캐리어트와 대화하세요				
QUEST_UNUSED_20150717_000291	{memo X}	루클리스의 부대 인장, 양피지 문서 구하기				
QUEST_UNUSED_20150717_000292	{memo X}	대지의 요새에서 정보가 될 만한 물건들을 구하세요.				
QUEST_UNUSED_20150729_000293	{memo X}	큰 일 날 뻔 했군요. 저는 큐폴 메일레 라고 합니다.{nl}이 곳에서 미쳐 안식에 들지 못한 석화된 영혼들을 인도하려고 왔어요.{nl}하지만 아까처럼 그런 석화서리가 언제 어디서 불어올 지 모르니 함부로 움직이기 어렵군요.				큐폴 메일레
QUEST_UNUSED_20150729_000294	{memo X}	{nl}석화탐지기가 있기는 한데, 어떤 건 고장 난 거 같기도 해요..{nl}탐지기를 좀 점검 해 주시겠어요?				큐폴 메일레
QUEST_UNUSED_20150729_000295	{memo X}	오래 전에는 마족과 여신들 사이에 미묘한 힘의 견제가 있어왔죠.{nl}서로의 영역을 침범하지 않는 한에서 그것이 지켜졌어요.{nl}그러나 어느 날 마족이 이런 지경의 석화 저주를 내렸지요.				큐폴 메일레
QUEST_UNUSED_20150729_000296	{memo X}	석화 탐지기는 여러 곳에 설치 되어 있어요. {nl}아까 보셨던 첫 번째 탐지기는 작동을 잘 하는 것 같으니, 나머지를 점검 해 주세요.				큐폴 메일레
QUEST_UNUSED_20150729_000297	{memo X}	탐지기가 작동을 잘 해 주었으면..				큐폴 메일레
QUEST_UNUSED_20150729_000298	{memo X}	아, 그렇군요.{nl}두 개가 고장이 나 있다구요.				큐폴 메일레
QUEST_UNUSED_20150729_000299	{memo X}	탐지기 작동의 문제는 왕국군에게 물어 보는 게 좋을 것 같아요.{nl}그들이 탐지기를 설치 했으니까요.{nl}왕국군 장교인 레티아를 찾아가면 뭔가 도움이 되겠죠?				큐폴 메일레
QUEST_UNUSED_20150729_000300	{memo X}	마족은 이 일대에 석화 저주를 내렸고.. 여신들은 인간들을 구원하려고 했죠.{nl}하지만 서로의 일에 관여하지 않겠다는 암묵적인 룰을 잊었느냐며 마족들은 분개했고 다른 지역에...				큐폴 메일레
QUEST_UNUSED_20150729_000301	{memo X}	{nl}아, 생각하기도 싫은 재앙을 내렸어요..{nl}여신들이 석화된 이 곳의 구원을 포기해야 할 만큼 엄청난 재앙이었죠..				큐폴 메일레
QUEST_UNUSED_20150729_000302	{memo X}	레티아는 베르크티 광장에 있어요.{nl}음? 이미 알고 계시려나?				큐폴 메일레
QUEST_UNUSED_20150729_000303	{memo X}	연안 요새 지역의 석화 탐지기가 고장났다구요?{nl}그건 이미 알고 있습니다. 그럴만도 합니다.				왕국군 레티아
QUEST_UNUSED_20150729_000304	{memo X}	그런데 아직 도착하지 않았나요? 제가 지원병력을 그 쪽에 파견했는데요.{nl}고장난 탐지기를 수리하러 보낸 지가 좀 됐는데.. 어찌 된 일일까요..				왕국군 레티아
QUEST_UNUSED_20150729_000305	{memo X}	{nl}한 번, 그들을 찾아 봐 주시겠습니까?				왕국군 레티아
QUEST_UNUSED_20150729_000306	{memo X}	하지만 어쨌든 아직 소식이 없는 것을 보면.. 어떤 변을 당했을 수도 있겠습니다.{nl}혹시 그들의 시신들이라도 발견한다면.. 번거롭더라도 시신을 뒤져봐 주시겠습니까?{nl}쓸 만한 부품들이 나올 겁니다. 아니면 그 주변의 몬스터들이라도..				
QUEST_UNUSED_20150729_000307	{memo X}	연안요새의 입구 쪽에 석화서리가 자주 보고되고 있으니, 그쪽에서 몬스터의 습격을 받았거나 석화서리에 당했는지도 모르지요.				왕국군 레티아
QUEST_UNUSED_20150729_000308	{memo X}	지원 병력이 모두 당했군요.. 안타깝네요.. {nl}나중에 그들의 영혼도 인도해 주어야겠어요.				
QUEST_UNUSED_20150729_000309		네. 어쨌든 그 부품들을 들고 가서 고장난 탐지기들을 수리 해 주세요.{nl}저희가 할 일입니다만, 자리를 비울 수 없는 것을 이해해 주십시오.				왕국군 레티아
QUEST_UNUSED_20150729_000310	{memo X}	그것이 그 부품들이군요.{nl}이제 수리하러 가셔야겠네요.{nl}석화 서리를 조심하세요.				
QUEST_UNUSED_20150729_000311	{memo X}	석화 탐지기가 전부 정상으로 돌아오면 차분하게 영혼들을 안식으로 인도할 생각이예요.				큐폴 메일레
QUEST_UNUSED_20150729_000312	{memo X}	그럼, 꼭 부탁 드리겠습니다.				큐폴 메일레
QUEST_UNUSED_20150729_000313	{memo X}	오, 모두 정상 작동 하게 되었군요.{nl}정말 감사합니다.{nl}이제 안심하고 영혼들을 인도해야겠어요.				큐폴 메일레
QUEST_UNUSED_20150729_000314	{memo X}	영혼들이 너무 많아 걱정이지만..{nl}차분히 한 분 씩 인도할 예정입니다.{nl}계시자님의 앞길에 여신의 은총이 가득하시길.				큐폴 메일레
QUEST_UNUSED_20150729_000315	{memo X}	누구인가. 저리 가라.{nl}아.. 혹시 나를 도와줄 수 있다면..				쉬트리가일라
QUEST_UNUSED_20150729_000316	{memo X}	사제 유타				
QUEST_UNUSED_20150729_000317	{memo X}	우와. 이런 묘지에서 사람을 만날 줄은 몰랐어요.{nl}저는 제미나 여신님을 모시는 보코르에요. 사라진 제미나 여신님의 자취를 쫓아 이 곳까지 왔죠.{nl}				사제 유타
QUEST_UNUSED_20150729_000318	{memo X}	모습을 감춘 제미나 여신께서 진리의 나무 교단을 축복했다고 하시기에 여기까지 달려왔는데{nl}막상 와보니까 시체들만 돌아다니고 있네요.{nl}심지어 이 시체들 제 힘으로 제어도 안되요. 의식에 방해가 되니 처치를 해야할 것 같은데..				사제 유타
QUEST_UNUSED_20150729_000319	{memo X}	아, 정말요? 말 만으로도 감사하네요.{nl}사실 혼자서는 의식 준비도 좀 벅찼거든요.{nl}				사제 유타
QUEST_UNUSED_20150729_000320	{memo X}	그럼 근처의 시체들을 처치해주세요.{nl}저는 그 동안 의식을 준비하고 여신님께 기도를 올릴게요.				사제 유타
QUEST_UNUSED_20150729_000321	{memo X}	여기 오면 뭐라도 있을 까 했는데 보코르의 힘이 통하지 않는 시체라니..{nl}이런 건 처음 봐요. 어서 여신님을 찾아야 할텐데요..				사제 유타
QUEST_UNUSED_20150729_000322	{memo X}	아, 돌아오셨군요. 덕분에 무사히 여신님께 기도를 올릴 수 있었어요.{nl}뭐.. 여느때 처럼 대답은 없으셨지만요..				사제 유타
QUEST_UNUSED_20150729_000323	{memo X}	점검해 보겠다고 한다	QUEST_LV_0200_20150323_004339	I will investigate it	조사해 보겠다고 한다	
QUEST_UNUSED_20150729_000324		신호				
QUEST_UNUSED_20150729_000325		꼬리자르기(1)				
QUEST_UNUSED_20150729_000326		꼬리자르기(2)				
QUEST_UNUSED_20150729_000327		꼬리자르기(3)				
QUEST_UNUSED_20150729_000328		막다른 곳에 다다라(1)				
QUEST_UNUSED_20150729_000329		막다른 곳에 다다라(2)				
QUEST_UNUSED_20150729_000330		막다른 곳에 다다라(3)				
QUEST_UNUSED_20150729_000331	{memo X}	기록물 대피소				
QUEST_UNUSED_20150729_000332		고상한 마군주				
QUEST_UNUSED_20150729_000333		나를 찾는 여정(1)				
QUEST_UNUSED_20150729_000334		나를 찾는 여정(2)				
QUEST_UNUSED_20150729_000335		나를 찾는 여정(3)				
QUEST_UNUSED_20150729_000336		나를 찾는 여정(4)				
QUEST_UNUSED_20150729_000337		나를 찾는 여정(5)				
QUEST_UNUSED_20150729_000338		나를 찾는 여정(6)				
QUEST_UNUSED_20150729_000339		끝없는 거래(1)				
QUEST_UNUSED_20150729_000340		끝없는 거래(2)				
QUEST_UNUSED_20150729_000341		끝없는 거래(3)				
QUEST_UNUSED_20150729_000342		끝없는 거래(4)				
QUEST_UNUSED_20150729_000343		르귄가의 비극(1)				
QUEST_UNUSED_20150729_000344		르귄가의 비극(2)				
QUEST_UNUSED_20150729_000345		르귄가의 비극(3)				
QUEST_UNUSED_20150729_000346		진행				
QUEST_UNUSED_20150730_000347	{memo X}	수리 중/HAMMERING/5/TRACK_AFTER/None	QUEST_LV_0300_20150717_000020	{memo X}	수리 중/MAKING/3/TRACK_AFTER/None	
QUEST_UNUSED_20150730_000348	{memo X}	Notice/탐지기가 작동하기 시작합니다!#5				
QUEST_UNUSED_20150730_000349	{memo X}	수리 중/HAMMERING/3/TRACK_BEFORE/None				
QUEST_UNUSED_20150803_000350		단원 이르만타스와 대화				
QUEST_UNUSED_20150803_000351		단원 그라지나와 찾기				
QUEST_UNUSED_20150803_000352		주변에서 누군가 부르는 소리가 들립니다.				
QUEST_UNUSED_20150803_000353		단원 그라지나와 대화				
QUEST_UNUSED_20150803_000354		이르만타스에게 물품 전달				
QUEST_UNUSED_20150803_000355		단원 알리나 찾아가기				
QUEST_UNUSED_20150803_000356		단원 알리나와 대화				
QUEST_UNUSED_20150803_000357	{memo X}	단원 알린와 대화	ETC_20150317_001874	Start	시작	
QUEST_UNUSED_20150804_000358		왕릉에 접근하기 위해서는 자카리엘 대왕의 모든 시련을 통과해야합니다. 다음 시련에 대한 증표를 얻기 위해 사학자 렉시퍼와 대화해 봅시다.	QUEST_LV_0100_20150317_005238	{memo X}You must solve all the dilemmas of King Zachariel in order to approach the Mausoleum. Talk to rexipher for clues to the next dilemma. 	왕릉에 접근하기 위해서는 자카리엘 대왕의 모든 난제를 풀어야 합니다. 다음 난제에 대한 단서를 얻기 위해 사학자 렉시퍼와 대화해 봅시다.	
QUEST_UNUSED_20150908_000359		소각 중	QUEST_LV_0100_20150317_002476	{memo X}Incinerating/FIRE/2/TRACK_BEFORE/None	소각 중/FIRE/2/TRACK_BEFORE/None	
QUEST_UNUSED_20150908_000360		보관소의 흔적조차 남아 있지 않습니다				
QUEST_UNUSED_20150908_000361		길을 막고있는 몬스터 처치!				
QUEST_UNUSED_20150908_000362		길을 막고있는 몬스터 처치 완료!				
QUEST_UNUSED_20150908_000363		영혼의 유골함을 약한 부엉이 조각상에게 전달했습니다				
QUEST_UNUSED_20150908_000364		웨어울프를 처치하세요!				
QUEST_UNUSED_20150908_000365		갑자기 나타난 머슈카리아를 처치하세요!				
QUEST_UNUSED_20150908_000366		시신의 명복을 비는 중	QUEST_LV_0100_20150317_003491	{memo X}Pryaing for the soul/WORSHIP/2/TRACK_BEFORE/SSN_HATE_AROUND	시신의 명복을 비는 중/WORSHIP/2/TRACK_BEFORE/SSN_HATE_AROUND	
QUEST_UNUSED_20150908_000367		명복을 비는 중	QUEST_LV_0100_20150317_003492	{memo X}Praying for the dead soul/WORSHIP/4/TRACK_AFTER/SSN_HATE_AROUND/F_pc_warp_circle/1/BOT	명복을 비는 중/WORSHIP/4/TRACK_AFTER/SSN_HATE_AROUND/F_pc_warp_circle/1/BOT	
QUEST_UNUSED_20150908_000368		죽은 병사의 명복을 빌어 주었습니다!				
QUEST_UNUSED_20150908_000369		헤쳐보는 중				
QUEST_UNUSED_20150908_000370		파 헤치는 중	QUEST_LV_0200_20150317_001625	{memo X}Digging Through/SITGROPE_LOOP/4/TRACK_BEFORE/None	파 헤치는 중/SITGROPE_LOOP/4/TRACK_BEFORE/None	
QUEST_UNUSED_20150908_000371		보급품 상자를 파괴하고 도망간 부베를 추적하세요!				
QUEST_UNUSED_20150908_000372		도망간 부베족을 추적하세요!				
QUEST_UNUSED_20150908_000373		다음 지역으로 이동하세요				
QUEST_UNUSED_20150908_000374		부서진 부엉이 조각상 주변에 몬스터가 나타났습니다!				
QUEST_UNUSED_20150908_000375		불을 붙이려 하자 갑자기 몬스터들이 몰려들었습니다!{nl}일단 이들을 물리치고 다시 불을 붙여 봅시다!				
QUEST_UNUSED_20150908_000376		부엉이 조각상을 잘 태워 주었습니다!				
QUEST_UNUSED_20150908_000377		불 불이는 중	QUEST_LV_0200_20150323_004293	{memo X}Lighting up the fire/FIRE/3/TRACK_BEFORE/SSN_HATE_AROUND	불 불이는 중/FIRE/3/TRACK_BEFORE/SSN_HATE_AROUND	
QUEST_UNUSED_20150908_000378		조각상 더미의 불을 지키면서 몬스터를 모두 처치하세요!				
QUEST_UNUSED_20150908_000379		길을 막고있는 레푸스를 처치하세요!				
QUEST_UNUSED_20150908_000380		길을 막고있는 레푸스를 처치했습니다!				
QUEST_UNUSED_20150908_000381		샤울렘들이 저지하기 위해 달려듭니다!				
QUEST_UNUSED_20150918_000382		아처 마스터가 보내서 왔나.{nl}클라페다는 점점 안정을 찾아가고 있지만 페디미안은 아직 이 모양이다.	QUEST_JOBSTEP_20150317_000205	{memo X}Did the Archer Master send you?{nl}Klaipeda is becoming stable but Fedimian is still at risk. 	아처 마스터가 보내서 왔나.{nl}클라페다는 점점 안정을 찾아가고 있지만 페디미안은 아직 이 모양일세.	로델레로 마스터
QUEST_UNUSED_20150918_000383		자네에겐 마법사의 탑에서 대장급 몬스터를 맡기지.{nl}페디미안을 재건하는 것도 일손이 부족한데 탑에서 몬스터까지 쏟아져 나오고 있거든.	QUEST_JOBSTEP_20150317_000207	{memo X}I want you to defeat the boss monster in the Mage Tower. {nl}Monsters are pouring out of the tower {nl}and we are having troubles as it is rebuilding Fedimian.	자네는 마법사의 탑에서 대장급 몬스터를 쓰러뜨려 주게.{nl}페디미안을 재건하는 것도 일손이 부족한데 탑에서 몬스터까지 쏟아져 나오고 있거든.	로델레로 마스터
QUEST_UNUSED_20150918_000384		잠입에 성공한 정찰병의 보고로는 마법사의 탑 3층의 미노타우로스라고 했어.{nl}그 몬스터를 처치하면 충분한 경고가 되겠지.	QUEST_JOBSTEP_20150317_000208	{memo X}According to the scout who made it in, there was a Minotaur on the 3rd Floor of the Mage Tower. {nl}Defeating it will be good enough to serve as a warning. 	잠입에 성공한 정찰병의 보고로는 마법사의 탑 3층의 미노타우로스라고 했네.{nl}그 몬스터를 처치하면 충분한 경고가 되겠지.	로델레로 마스터
QUEST_UNUSED_20150918_000385		수고했어. 덕분에 몬스터의 기세가 좀 수그러들었다는군. {nl}아처 마스터에게도 고맙다고 전해 줘.	QUEST_JOBSTEP_20150317_000209	{memo X}Well done. Thanks to you, the monsters have been warded off. {nl}Extend my gratitude to the Archer Master as well. 	수고했네. 덕분에 몬스터의 기세가 좀 수그러들었어. {nl}아처 마스터에게도 고맙다고 전해 주게.	로델레로 마스터
QUEST_UNUSED_20150918_000386		감사합니다. {nl}클레릭 마스터로서 당신이 더 높은 사명을 이루는 것을 기꺼이 도와드리겠습니다.	QUEST_JOBSTEP_20150317_000646	{memo X}Thanks.{nl}As a Cleric Master, I will help you accomplish a higher mission.	감사합니다. {nl}클레릭 마스터로써 당신이 더 높은 사명을 이루는 것을 기꺼이 도와드리겠습니다.	클레릭 마스터
QUEST_UNUSED_20150918_000387		이 사거리의 오른쪽에 몬스터들의 둥지가 있어요. {nl}배가 불러 먹어치우지 못한 동료들이 아직 남아 있을지도 몰라요.	QUEST_LV_0200_20150317_000850	{memo X}There is a monster's nest at the end of this road. {nl}My colleagues may still be alive there.	이 사거리의 끝에 몬스터들의 둥지가 있어요. {nl}배가 불러 먹어치우지 못한 동료들이 아직 남아 있을지도 몰라요.{nl}{nl}	약해진 부엉이 조각상
QUEST_UNUSED_20150918_000388		물론 그 전에, 스콰이어 마스터로서 당신께 보답하는 것이 먼저이겠지요.	QUEST_JOBSTEP_20150730_003068	{memo X}Of course, I should return your favor first as the Squire Master.	물론 그 전에, 스콰이어 마스터로써 당신께 보답하는 것이 먼저이겠지요.	스콰이어 마스터
QUEST_UNUSED_20150918_000389		수집상의 컬렉션				
QUEST_UNUSED_20150918_000390		길을 막고있는 몬스터를 처치하세요!				
QUEST_UNUSED_20150918_000391		길을 막고있는 몬스터를 모두 처치했습니다!				
QUEST_UNUSED_20150918_000392		수집상과 대화				
QUEST_UNUSED_20150918_000393		수집품 획득				
QUEST_UNUSED_20151001_000394		여신의 꿈을 꾼 계시자이십니까.{nl}저는 샤울레이와 클라페다를 담당하고 있는 기사단장, 우스카입니다.{nl}				기사단장 우스카
QUEST_UNUSED_20151001_000395		지금의 왕국은 모든 희망을 잃었습니다. {nl}다시 일어설 의지조차 꺾인 채로.. 여신의 이름만 부르짖고 있습니다.{nl}				기사단장 우스카
QUEST_UNUSED_20151001_000396		솔직히 저는 계시자 여러분들을 희망적으로만 바라볼 수는 없습니다.{nl}한 도시를 짊어지고 있는 책임자이기에.. {nl}				기사단장 우스카
QUEST_UNUSED_20151001_000397		다시 절망을 겪을 순 없는 것 아니겠습니까.				기사단장 우스카
QUEST_UNUSED_20151001_000398		자.. 어쨌든, 주교님께서도 계시의 꿈을 꾸셨습니다.{nl}계시자가 오거든 수정광산으로 보내라고 하셨다는군요.{nl}	QUEST_LV_0100_20150317_000304	$The Bishop also dreamed of a revelation.{nl}He told me to send the Revelators to the Crystal Mine.{nl}	주교님께서도 계시의 꿈을 꾸셨습니다.{nl}계시자가 오거든 수정광산으로 보내라고 하셨다는군요.{nl}	기사단장 우스카
QUEST_UNUSED_20151001_000399		하지만 현재 광산 마을은 부베와 교전중인지라 출입을 제한하고 있습니다.{nl}동쪽 숲에 있는 기사 아라스가 담당이니 그를 만나보십시오.	QUEST_LV_0100_20150317_000307	$But the Miners' Village is at war with the Vubbes {nl}and its entrance is limited to authorized people only. Knight Aras is the one managing troops in the East Siauliai Woods. {nl}You should talk to him.	하지만 현재 광산 마을은 부베와 교전중인지라 허가된 인원 외의 출입을 제한하고 있습니다.{nl}동쪽 숲에 있는 기사 아라스가 담당이니 그를 만나보십시오.	기사단장 우스카
QUEST_UNUSED_20151001_000400		이 숲의 몬스터가 불어난 게 부베 투사의 짓이였군요.{nl}부베 투사가 얼마나 있는지 알아봐 주세요.{nl}	QUEST_LV_0100_20150317_000341	$So the Vubbe Fighters are the reason behind the growing number of monsters.{nl}Please find out how many Vubbe Fighters there are.{nl}	몬스터가 불어난 게 부베 투사의 짓이였군요.{nl}부베 투사가 얼마나 있는지 알아봐 주세요.{nl}	기사 아라스
QUEST_UNUSED_20151001_000401		어라. 너는 그 유명한 계시자 맞지?{nl}너도 대지의 요새에 관심이 있나보네.{nl}	QUEST_LV_0200_20150317_000372	I heard about you from Wilhelmina. I heard you're good? But can you enter the Land of Fortress without our help? {nl}You will need a pathfinder no matter how good you are. I will take you if you help me and Wilhelmina.	빌헬미나에게 네 활약은 많이 들었어, 꽤 실력이 좋다며? 하지만 대지의 요새로 우리도움 없이 들어갈 수 있을까?{nl}아무리 실력이 좋아도 길잡이들이 필요할거야, 빌헬미나와 내 계획을 도와준다면 함께 데려가 줄게	도굴꾼 아만다
QUEST_UNUSED_20151001_000402		하지만 거긴 나라면 모를까, 왕국군이 많아서 그냥은 못들어가.{nl}자. 넌 누구 편이지?{nl}대지의 요새에 들어가고 싶거든 솔직하게 대답하는 게 좋을 거야.	QUEST_LV_0200_20150317_000373	{memo X}Wilhelmina asked for the records from Ruklys days in exchange for her help. Can you gather it from the assembly area in front? {nl}I will cause a big commotion if we go out ourselves so I want you to do it.	빌헬미나가 우리일을 도와주는 대가로 루클리스 시대의 기록들을 찾아와 달라고 했는 데, 이 앞 집결지에서 그걸 좀 모아와 줄 수 있겠어?{nl}우리가 나선다면 큰 소란이 일어날거야, 네가 좀 해줘	도굴꾼 아만다
QUEST_UNUSED_20151001_000403		왕국군 눈에 띄지 않게 조심해줘.{nl}들키더라도 적당히 웃으면서 넘어가라고.	QUEST_LV_0200_20150317_000374	We plan to go into the room of treasures in the Land of Fortress without the Royal Army's knowledge. {nl}But there's a Gargoyle blocking our way and we can't defeat it ourselves without making a fuss. {nl}That's why we need your and Wilhemina's help.	우린 왕국군 몰래 대지의 요새 안에 있는 보물이 가득한 방에 들어갈 생각이야.{nl}하지만 내가 들어가려고하면 가고일이 막아서는 데 우리힘으론 소란피우지 않고 녀석을 제압할 방법이 없어{nl}그래서 너와 빌헬미나의 도움이 필요해	도굴꾼 아만다
QUEST_UNUSED_20151001_000404		집결지에서 가고일 석상을 봤지?{nl}그게 그 가고일이야.{nl}	QUEST_LV_0200_20150317_000375	Did you see the Gargoyle statue in the assembly area? It moves whenever I try to approach it so I can't get into Land of Fortress. {nl}Bilhelmina says she has a tool to supress it so you just have to hand over what you found and take that from here.	집결지에서 가고일 석상을 봤지? 그녀석은 내가 다가 가기만 해도 살아서 움직이는 턱에 대지의 요새로 들어갈 수가 없어.{nl}빌헬미나에게 녀석을 제압할 도구가 있다고 하니 이제 네가 찾아준걸 넘겨주고 넌 그걸 받아오기만 하면돼	도굴꾼 아만다
QUEST_UNUSED_20151001_000405		이상하게 내가 요새로 들어가려고 하면 갑자기 살아 움직이면서 막아서더라고.{nl}소란 피우지 않고서 우리 힘으로 제압하는 건 무리야.				도굴꾼 아만다
QUEST_UNUSED_20151001_000406		샤울레이 동쪽 숲에 있는 포아타가 주민들을 위협하고 있대.{nl}여신의 이름으로 그 몬스터를 없애 준다면 내 마법을 전수해 주겠어.	QUEST_JOBSTEP_20150714_002755	The poatas at Siaulai east forest is threatening the villagers.{nl}If you could defeat that monster in the name of the goddesses, I will teach you my magics.{nl}{nl}	샤울레이 동쪽 숲에 있는 포아타가 주민들을 위협하고 있대.{nl}여신의 이름으로 그 몬스터를 없애 준다면 나의 마법을 전수해 주겠어.{nl}{nl}	파이로맨서 마스터
QUEST_UNUSED_20151001_000407		널 처음 보았을 땐 너무 어설프지 않나.. 싶었는데.{nl}지금은 나보다도 더 유명해진 것 같아.{nl}	QUEST_UNUSED_20150317_000019	{memo X}Plate when you saw the first time, I wonder not die immediately parser too stand up. I thought. {Nl} now I think that it has become more famous than me. {Nl}	널 처음 보았을 땐 너무 어설퍼서 금방 죽지 않을까.. 싶었는데.{nl}지금은 나보다도 더 유명해진 것 같아.{nl}	아처 마스터
QUEST_UNUSED_20151001_000408		수고했다.{nl}앞으로도 실전 경험을 쌓고 내 밑에서 검을 배운다면 좋은 검사가 될 수 있을 것이다.	QUEST_JOBSTEP_20150317_000657	Well done.{nl}You will become a good swordsman if you gain more experience and learn from me.	수고했다.{nl}앞으로도 실전 경험을 쌓고 나의 밑에서 검을 배운다면 좋은 검사가 될 수 있을 것이다.	하이랜더 마스터
QUEST_UNUSED_20151001_000409		나에게 로그의 가르침을 받으러 온거야?{nl}마침 잘 됐어.{nl}너의 로그로서의 실력을 검증하면서 내 문제도 해결할 수 있는 일석이조의 일이 있거든.{nl}				로그 마스터
QUEST_UNUSED_20151001_000410		스카우트 마스터와 나는 한때는 둘도 없는 친구였지만 지금은 조금 어색해져서 말이야.{nl}뭔가 선물이라도 주면서 관계를 회복해보고 싶은데.. 내가 직접가는 건 역시 너무 눈에 띄거든.{nl}니가 대신해서 몰래 선물 좀 전해주고 오지 않겠어?				로그 마스터
QUEST_UNUSED_20151001_000411		좋아. 하지만 이건 너의 시험도 겸하는 거니까.{nl}선물을 전해주되 스카우트 마스터가 눈치채지 못하게 몰래 넣어두고 와야해.{nl}조언을 해주자면 이런 일은 상대의 뒤를 잡는게 기본이야.				로그 마스터
QUEST_UNUSED_20151001_000412		잘 전해주고 왔나보네.{nl}나중에 확인하면 깜짝 놀라겠지?{nl}				로그 마스터
QUEST_UNUSED_20151001_000413		이제 너와의 일을 마무리지을 차례군.{nl}스카우트 마스터 몰래 물건을 넣어두고 올 정도면 너도 보통은 아니니까 금방 배울 수 있을거야.				로그 마스터
QUEST_UNUSED_20151001_000414		플레쳐의 기술을 배우러 왔군.{nl}자네 수준에서 가르침을 받을만한 일이라면 그 대가도 쉽지 않다는 걸 각오해두게.{nl}				플레쳐 마스터
QUEST_UNUSED_20151001_000415		나는 예전부터 초대 플레쳐 마스터가 만든 화살을 찾아왔소.{nl}리디아 샤펜에게 선물해줄 정도의 화살이니 거기에 담긴 기술은 보통이 아니겠지.{nl}최근에 남아있는 화살의 소재에 대한 정보를 얻게 되었는데 이 일을 시키려면 그 화살의 가치를 알아볼 수 있는 사람이어야겠지.				플레쳐 마스터
QUEST_UNUSED_20151001_000416		내가 얻은 정보에 의하면 협곡지대 36_1에서 찾을 수 있을 것 같소.{nl}무언가 흉폭한 몬스터를 상대하는데 사용했었다고 하니 주의하는게 좋겠지.				플레쳐 마스터
QUEST_UNUSED_20151001_000417		오 겉으로만 봐도 굉장함을 알 수 있겠군.{nl}당장이라도 이 화살을 연구해보고 싶지만 자네와의 약속이 먼저겠지.{nl}자, 내가 가진 기술을 보여줄테니 눈 크게 뜨고 잘 보도록 하게.				플레쳐 마스터
QUEST_UNUSED_20151001_000418		응사 마스터로서 다양한 시도를 통해 응사들이 더욱 강해지는 방법을 찾고 있다.{nl}그 중 하나로 매를 대신해서 날아다니는 몬스터들을 써먹을 순 없을까 하는 생각을 했지.{nl}				응사 마스터
QUEST_UNUSED_20151001_000419		물론 내 파트너 리쓰에게 만족하고 있지만 이런 시도는 응사들에게 도움이 될 수 있다고 생각한다.				응사 마스터
QUEST_UNUSED_20151001_000420		매를 길들일 때 처럼 먹이라도 줘보면 되지 않을까?{nl}큰 기대는 하고 있지 않으니 일단 가서 시도라도 해보는게 좋겠군.{nl}먹이는 넉넉히 넣어두었으니 적어도 세 종류의 몬스터에게는 시도해보도록.				응사 마스터
QUEST_UNUSED_20151001_000421		역시 실패했나. 아쉽지만 예상했던 바다.{nl}결과야 어찌되었든 그대의 노력에는 보답해야겠지.{nl}좋다, 내가 직접 지도해주도록 하지.				응사 마스터
QUEST_UNUSED_20151001_000422		더 고급기술을 배우고 싶다고?{nl}슈바르츠라이터의 고급 기술을 배우려면 그럴만한 실력이 뒷바침 되어야겠지.{nl}첫째도 둘째도 중요한건 확실하게 적을 쏘아 맞추는 일이다.				슈바르츠라이터 마스터
QUEST_UNUSED_20151001_000423		자신감은 마음에 드는군.{nl}하지만 입만 산건 아닌 지 확인해보겠다.{nl}일반 몬스터에게 가서 실수없이 연속으로 200번 명중시키고 온다면 인정하도록 하지.				슈바르츠라이터 마스터
QUEST_UNUSED_20151001_000424		과연 허세는 아니었군.{nl}그 정도 실력이라면 나도 가르치는 보람이 있지.				슈바르츠라이터 마스터
QUEST_UNUSED_20151001_000425		몽크의 기술을 배우러 왔소?{nl}그럼 마침 잘 됐군. 당신이라면 믿고 맡길 수 있지.{nl}부탁하고 싶은 일이 있소.{nl}				몽크 마스터
QUEST_UNUSED_20151001_000426		난 과거에 한 실수를 지금도 후회하고 있소.{nl}그에 대한 속죄겸 어떤 이들을 돕고 있는데 이게 알려지면 곤란한 일이라서 말이오.{nl}그들에게 물건을 하나 전하면 되는데, 잘 해낸다면 실력으로 인정하고 기술을 전수하리다.				몽크 마스터
QUEST_UNUSED_20151001_000427		그 일로 나를 원망하는 사람들도 많지.{nl}하지만 그런 사람들을 신경써서 하는 일은 아니오.{nl}다만 나 스스로의 실수에 대한 책임을 지는 것이지.				몽크 마스터
QUEST_UNUSED_20151001_000428		잘 전해주었소?{nl}그럼 이제 나아게 한 수 배우는 일만 남았군.				몽크 마스터
QUEST_UNUSED_20151001_000429		나에게 새로이 인정받기 위해 왔는가?{nl}하지만 지금은 내가 조금 곤란한 일이 있어서 힘들겠군.{nl}몬스터들 때문에 거래 장부가 찢어져버려서 말이네.{nl}{nl}이거 때문에 지금 다른 업무를 보는 일도 정신이 없네.{nl}정 급하다면 내가 장소를 알려줄테니 대신 예비 장부를 가져와주게.{nl}이런건 비밀이긴 하지만 자네와 그동안의 인연도 있고 믿을만한 사람이라고 생각하고 있으니 말이네.				파드너 마스터
QUEST_UNUSED_20151001_000430		예비 장부는 수도원 35_3에 있네.{nl}다른 자들이 찾아내지 못하도록 책속에 숨겨두기도 했고 가짜 장부도 여럿 놓아두었으니 잘 찾아오게.				파드너 마스터
QUEST_UNUSED_20151001_000431		제대로 찾아왔군.{nl}급한 일은 처리했으니 자네는 이걸로 인정해주겠네.				파드너 마스터
QUEST_UNUSED_20151001_000432		드루이드의 능력을 잘 다루기 위해서는 자신이 다루는 식물에 대해서 잘 아는 것도 중요합니다.{nl}마침 제가 신수의 날 이후로 과성장한 식물들이 몬스터가 되어 날뛰는 문제를 조사하는 중이니 당신도 배울 점이 있겠지요.{nl}이 일을 돕는다면 그 부분을 수행으로 인정해드리겠습니다.				드루이드 마스터
QUEST_UNUSED_20151001_000433		몬스터가 된 식물들을 처치하고 표본을 구해와 주세요.{nl}강한 몬스터일수록 더 많은 표본을 얻을 수 있습니다.				드루이드 마스터
QUEST_UNUSED_20151001_000434		실력도 충분하신 것 같군요.{nl}수행으로 인정해드리기로 했으니 약속대로 당신을 돕도록 하죠.				드루이드 마스터
QUEST_UNUSED_20151001_000435		저에게 용무가 있으신 거 같은데 지금은 더 중요한 일이 있습니다.{nl}먼 곳에서 발생한 마기가 점점 짙어지더니 오라클의 힘에 영향을 주기 시작했습니다.{nl}결국에는 클레어보이언스로 보는 영상이 흐려지고 있습니다.{nl}				오라클 마스터
QUEST_UNUSED_20151001_000436		그 마기를 처리하는 게 지금 가장 우선시되어야 할 일입니다.{nl}당신이 한번 나서보지 않겠습니까?{nl}어쩌면 이 일을 해결하는 게 당신의 능력을 증명하면서 동시에 시험이 될 수도 있다는 생각이 듭니다.				오라클 마스터
QUEST_UNUSED_20151001_000437		문제가 되고 있는 곳은 협곡지대 36_1입니다.{nl}제가 드린 정화의 로무바를 마기가 강한 곳에 세우면 됩니다.				오라클 마스터
QUEST_UNUSED_20151001_000438		잘 해내신 모양입니다.{nl}당신에게 맡기길 잘 했다는 생각이 듭니다.{nl}그럼 이제 제가 당신을 돕도록 하겠습니다.				오라클 마스터
QUEST_UNUSED_20151001_000439		좋소, 이 물건을 가지고 모치아 숲으로 가시오.{nl}그곳에서 접견인으로 보이는 사람을 발견하거든 일단 자연스럽게 대화를 하다가 그의 질문에 맞게 암구호를 말해야 하오.				몽크 마스터
QUEST_UNUSED_20151001_000440		마족 쉬트리가일라				
QUEST_UNUSED_20151001_000441		드디어.. 올 것이 왔군.{nl}날 길티네님의 곁으로 보내줄 이가..{nl}	QUEST_UNUSED_20150729_000315	{memo X}	누구인가. 저리 가라.{nl}아.. 혹시 나를 도와줄 수 있다면..	마족 쉬트리가일라
QUEST_UNUSED_20151001_000442		네게 부탁이 있다.{nl}날 죽음으로 이끌어 다오.				마족 쉬트리가일라
QUEST_UNUSED_20151001_000443		기둥에 적힌 글귀				
QUEST_UNUSED_20151001_000444		[클레로스의 배경]				기둥에 적힌 글귀
QUEST_UNUSED_20151001_000445		{nl}클레로스는 어느 영주 가문의 장자로 태어났으나 계모의 자식에게 계승권을 빼앗기고 영지밖으로 쫓겨남으로 그의 인생의 첫 실패라 할 일을 기록하였습니다. 				기둥에 적힌 글귀
QUEST_UNUSED_20151001_000446		{nl}방황하던 그는 지인의 권유로 변방으로 일자리를 찾아 떠났으나 그것은 사기였고, 강제로 잡힌 채로 죽도록 일만 하는 고생을 하였습니다. 				기둥에 적힌 글귀
QUEST_UNUSED_20151001_000447		{nl}그 후에 루클리스의 구원을 받아 반노예의 강제된 삶에서는 벗어나 잠시 무예도 익히며 평화로운 시기를 보냈으나 루클리스가 토벌당함으로 그의 잠시의 안식은 다시 재난으로 변했습니다.				기둥에 적힌 글귀
QUEST_UNUSED_20151001_000448		[클레로스의 최후]				기둥에 적힌 글귀
QUEST_UNUSED_20151001_000449		{nl}{nl}기나긴 도주 생활은 고난으로 점철되어 정말 일생에 성공한 일이라고는 없는 삶을 살다가 결국에 그 마저 붙잡혀 칼레이마스로 수용되었습니다.				기둥에 적힌 글귀
QUEST_UNUSED_20151001_000450		{nl}그 악명높은 감옥에서 뭔가 희망이 있었다면 좋았겠지만, 그는 최후까지 그곳에서 고생을 하다가 죽었습니다.				기둥에 적힌 글귀
QUEST_UNUSED_20151001_000451		[클레로스의 죽음, 그 이후]				기둥에 적힌 글귀
QUEST_UNUSED_20151001_000452		{nl}{nl}여기서 끝난다면 그의 일생은 고난과 실패로 가득찬  삶이기는 해도 유일한 고역의 삶은 아니겠지만 일설에 의하면 그는 지금도 죽은 영혼의 상태로 마족에게 고문당하는 신세를 면치 못하고 있다고 합니다. 				기둥에 적힌 글귀
QUEST_UNUSED_20151001_000453		{nl}어떤 사람들은 그가 마족에게 이런 일을 당하고 있다는 사실 자체가 실은 그의 인생에 우리가 모르는 비밀한 사연이 있을 것이라 말하기도 합니다.				기둥에 적힌 글귀
QUEST_UNUSED_20151001_000454		기둥에 새겨진 글귀				
QUEST_UNUSED_20151001_000455		[럼펠스틸스킨과 달]				기둥에 새겨진 글귀
QUEST_UNUSED_20151001_000456		{nl}{nl}이것은 확실한 이야기는 아니지만 전설로 전해내려오는 이야기 가운데 하나입니다. 우리가 아는대로 럼펠스틸스킨은 리디아 샤펜과의 내기로 인해 달을 향해 긴 세월을 날아갔습니다. 				기둥에 새겨진 글귀
QUEST_UNUSED_20151001_000457		{nl}달에 도착하기까지 매우 긴 세월을 보내며 고생하여 비행을 했습니다. 그러나 마침내 달에 도착했을 때 럼펠스틸스킨은 중대한 문제를 발견했습니다. 자신이 타고 온 리디아 샤펜의 화살은 더 이상 화살이라고 부르기 어려울 정도의 상태가 되었습니다. 				기둥에 새겨진 글귀
QUEST_UNUSED_20151001_000458		방금전까지 자신이 타고(실은 자세만 탄 것이지 실제로는 그의 마력으로 날게한) 온 화살이 갑자기 부식을 심하게 받은 상태로 변한 사실은 그를 놀라게 만들었습니다.				기둥에 새겨진 글귀
QUEST_UNUSED_20151001_000459		[럼펠스틸스킨과 리디아 샤펜의 화살]				기둥에 새겨진 글귀
QUEST_UNUSED_20151001_000460		{nl}{nl}물론 긴 시간이 흘렀으니 그럴 수도 있는 일이지만, 화살에서 몸을 떼고 막 달 표면에 화살을 박으려하자 그런 일이 일어났으니 럼펠스틸스킨으로서는 황당한 일이었습니다. 				기둥에 새겨진 글귀
QUEST_UNUSED_20151001_000461		{nl}화살이 그렇게 된 것은 럼펠스틸스킨의 탓입니다. 럼펠스틸스킨의 마력은 화살을 달까지 날게하고 또한 보존도 하였지만, 리디아 샤펜의 화살은 애초에 마족에 저항하는 상극의 성질을 지니고 있었습니다. 럼펠스틸스킨은 그것을 모르고 자신이 타는 동안에 그의 마력을 끊임없이 불어넣어 화살을 날게하고 한편으로 지켰지만, 한순간 화살과 접촉이 끊기자 마력도 끊겼고, 그러자 그간 마력으로 유지되던 화살은 마치 전체가 녹으로 된 물질이 형체만 유지하다가 녹가루 먼지로 화하는 것처럼 스러지고 만 것입니다.				기둥에 새겨진 글귀
QUEST_UNUSED_20151001_000462		[럼펠스틸스킨은 어디에]				기둥에 새겨진 글귀
QUEST_UNUSED_20151001_000463		{nl}{nl}럼펠스틸스킨은 곰곰히 생각해보고 그 이치를 알았지만 이미 때는 늦은 후였습니다. 물론 이 이야기는 인간도 여신도 마족에게도 확인할 길이 없는 전해지는 이야기에 불과하고 어쩌면 럼펠스틸스킨은 지금도 달을 향해 날고 있을지도 모릅니다.				기둥에 새겨진 글귀
QUEST_UNUSED_20151001_000464		{nl}어쩌면 리디아 샤펜이 남긴 다른 화살이 아직 세상에 존재하는지 찾기 위해 숨어서 이 세상을 헤매고 있을지도 모릅니다.				기둥에 새겨진 글귀
QUEST_UNUSED_20151001_000465		레오폴다스				
QUEST_UNUSED_20151001_000466		계시자님이시로구먼!{nl}반갑네 반가워. 난 케도라오머 상단에서 신입 단원 관리를 맡고 있는 레오폴다스라고 하네. 이렇게 만나다니 정말 반갑네.				레오폴다스
QUEST_UNUSED_20151001_000467		{nl}이렇게 만난 것도  인연인데, 잠시 이야기나 .. 어떤가?				레오폴다스
QUEST_UNUSED_20151001_000468		우리 상단?{nl}뭐 궁금하다니까 알려줘 볼까?				레오폴다스
QUEST_UNUSED_20151001_000469		{nl}실은 우리 상단이야말로 이 세상에서 없어서는 안 될 존재지.{nl}아는 지 모르겠는데, {nl}수정광산이 그리 오랜 세월 존재하도록 채굴 광물들의 매입을 했다든지{nl}별의 탑, 대성당, 대지의 요새 같은 대형 공사의 자재를 공급했다든지 하는 일 말이야.				레오폴다스
QUEST_UNUSED_20151001_000470		{nl}그래 맞아. 그런 일을 해 온 장본인들이 바로 우리들이라네.{nl}놀랬지?				레오폴다스
QUEST_UNUSED_20151001_000471		시간이 난다면 이 곳 마나하스에서 우리 상단의 일들을 좀 도와준다면 좋겠네.{nl}저쪽에 내 담당인 신입단원들도 있고, 저 아래로 내려가면 유라테나 마르젤리유스의 일도 도울 수 있지.{nl}그렇게 되면 자네도 당당히 케도라오머 상단의 조력자! 쯤이 되는 것이 아니겠나.				레오폴다스
QUEST_UNUSED_20151001_000472		우리 상단이라고 해도 어려웠던 시절이 없으란 법은 없었지.{nl}지금이 살짝 그런 때라고 해도 되려나?{nl}여튼 그래서 이렇게 이 존에 주력하고 있는 것이고.				레오폴다스
QUEST_UNUSED_20151001_000473		다음에 또 보세나.				레오폴다스
QUEST_UNUSED_20151001_000474		아, 그 위치라면 어떤 성물인지 알 것 같네요.{nl}도구를 사용하는 것 보다 일단 손으로 한 번 파 보세요.{nl}그리고 나오는 건 깨지지 않게 조심해서 가져다 주세요.				유라테
QUEST_UNUSED_20151001_000475		별로 어렵지 않을 거예요.				유라테
QUEST_UNUSED_20151001_000476		깨지지 않게 조심하세요.				유라테
QUEST_UNUSED_20151001_000477		이건 중요한 기록이나 문서를 남기기 위해 사용하던 비밀잉크가 담긴 병이예요. {nl}기록을 숨겨야 할 필요가 있을 때 이 잉크를 사용했을 거라고 알려져 있어요.{nl}감사합니다.				유라테
QUEST_UNUSED_20151001_000478		안타나스				
QUEST_UNUSED_20151001_000479		안녕하시오.{nl}난 러드 종단의 안타나스라고 하오.{nl}여신이 사라진 지금, 다른 종파로 갈려 싸우기 보다는 묵묵히 이 곳 저 곳에서 여신을 기다리면서 자기 할 일을 하고 있는 종단이 바로 러드 종단이라오.				안타나스
QUEST_UNUSED_20151001_000480		{nl}난 여기서 성소를 만들고 있소.{nl}아닌게 아니라 성소를 만들 재료들을 구해야 하는데 영 일손이 딸리네.{nl}좀 구해주시겠소?				안타나스
QUEST_UNUSED_20151001_000481		여기서 나는 성소를 만들고 있지만, 다른 곳에는 여신 경전을 만들기 위해 재료를 공수하고 있다든지, 러드종단 선현들의 기록을 찾아 정리하는 등의 일을 하는 종단원들이 있지.				안타나스
QUEST_UNUSED_20151001_000482		재료가 한 두가지여야지.{nl}잘 들으시오.{nl}몬스터에게서 횟가루도 얻어야 하고, 깔린 돌들에게서 석재용 돌도 구해야 하오.				안타나스
QUEST_UNUSED_20151001_000483		{nl}많이 바쁠 거요.				안타나스
QUEST_UNUSED_20151001_000484		힘을 내시오!				안타나스
QUEST_UNUSED_20151001_000485		이야, 잘 해 주었소.				안타나스
QUEST_UNUSED_20151001_000486		그건.. 대지의 요새의 몬스터에게서 나온 건가요?{nl}이건 과거 루클리스 부대 병사들이 가지고 있던 것입니다.{nl}				빌헬미나 캐리어트
QUEST_UNUSED_20151001_000487		가져오신 물건은 저희 기사단의 연구에 도움이 될 것 같습니다.{nl}더 구해주실 수 있나요?				빌헬미나 캐리어트
QUEST_UNUSED_20151001_000488		대지의 요새에 있는 몬스터들이 이런 걸 가지고 있다니..{nl}상당히 흥미롭군요.				빌헬미나 캐리어트
QUEST_UNUSED_20151001_000489		이만하면 충분합니다. {nl}저희들의 연구에 도움을 주셔서 감사합니다.				빌헬미나 캐리어트
QUEST_UNUSED_20151001_000490		무슨 일이시지요?{nl}이걸 제게 주신다는 건가요?{nl}				빌헬미나 캐리어트
QUEST_UNUSED_20151001_000491		놀랍군요. 과거 병사들의 생활상이 적혀있어요. {nl}얼른 이 자료를 기사단 본부에 보내야겠습니다. 감사합니다.				빌헬미나 캐리어트
QUEST_UNUSED_20151001_000492		안돼!{nl}제발 그 반지만은 빼앗지 말아줘..				원한 서린 영혼
QUEST_UNUSED_20151001_000493		그건 폭탄인데.. 불발탄인가?{nl}내가 좀 볼 수 있을까?				새퍼 마스터
QUEST_UNUSED_20151001_000494		이건 완전 구형이잖아!{nl}책에나 볼 수 있는 폭탄이야.				새퍼 마스터
QUEST_UNUSED_20151001_000495		병사 영혼				
QUEST_UNUSED_20151001_000496		부대원들에게 퇴각 명령을 내리지 못했습니다.{nl}나팔을 불어야 하는데..				병사 영혼
QUEST_UNUSED_20151001_000497		퇴각시키지 않으면 전멸당하고 말 겁니다.{nl}나팔을..				병사 영혼
QUEST_UNUSED_20151001_000498		감사합니다. 당신은 어디 소속이십니까?{nl}저도 이제 루클리스님께 돌아가야겠습니다..				병사 영혼
QUEST_UNUSED_20151001_000499		잠시만요! 이 사람 말하는 것 좀 들어보세요.{nl}남의 집안 가보를 되돌려받고 싶으면 축복 받은 수정을 내놓으래요.{nl}				스콰이어 윌리야
QUEST_UNUSED_20151001_000500		애초에 엉터리 수정을 줘서 사람 목숨까지 잃게 해 놓선 말이에요. {nl}하, 참. 그러더니 이젠 한술 더 떠서 죽은 사람까지 불러다 물어보래요.{nl}				스콰이어 윌리야
QUEST_UNUSED_20151001_000501		그럼 어떻게 불러내냐니까 자기한테 망자 스크롤을 사라잖아요?{nl}그래서 얼마면 되냐고 물어보니까 몬스터를 잡아서 파란 도료를 대금으로 내래요.{nl}				스콰이어 윌리야
QUEST_UNUSED_20151001_000502		분명 이 늙은 사기꾼이 제가 파란 도료를 구하러 간 사이에 도망치려는 게 분명해요!{nl}저를 도와주실 수 있나요?				스콰이어 윌리야
QUEST_UNUSED_20151001_000503		흥분했더니 말에 두서가 없었네요. 차근차근 말씀드릴게요. {nl}저는 스콰이어 마스터인 유스티나 르귄의 친구 윌리야에요.{nl}				스콰이어 윌리야
QUEST_UNUSED_20151001_000504		저 파드너가 말하는 죽은 사람은 제 친구의 아버지인 가일류스 르귄님이죠.{nl}실종된 가일류스 르귄님이 돌아가셨다는 것도 황당한데 저 태도좀 보세요.{nl}				스콰이어 윌리야
QUEST_UNUSED_20151001_000505		저 늙은이가 르귄가의 가보를 유족에게 돌려주겠다면서 자기 사리사욕을 채우려 하잖아요.{nl}불쌍한 유스티나..{nl}				스콰이어 윌리야
QUEST_UNUSED_20151001_000506		파란 도료는 압가우딘 삼거리의 몬스터에게서 구하실 수 있을 거에요.{nl}꼭 부탁드릴게요.				스콰이어 윌리야
QUEST_UNUSED_20151001_000507		저 당돌한 여자애는 그 망자 스크롤이 얼만 줄 알고 저러는 건지.{nl}아깝지만 이젠 상관 없어.{nl}				파드너 에리카스
QUEST_UNUSED_20151001_000508		불쌍한 사람 도와줬다가 이런 치욕을 당해야 하다니, 참을 수 없단 말이다.{nl}이걸로 가일류스를 찾아서 직접 물어보라고!{nl}				파드너 에리카스
QUEST_UNUSED_20151001_000509		미레스 무덤가의 봉인을 찾아봐.{nl}그 친구, 그 근처에서 죽었다고 들었으니까.				파드너 에리카스
QUEST_UNUSED_20151001_000510		이 사기꾼은 축복 받은 수정을 돌려받을 때까지 물러날 생각은 없는 것 같아요.{nl}정말 독하네요.				스콰이어 윌리야
QUEST_UNUSED_20151001_000511		세상에, 여신이시여!{nl}이런 곳에서 사람을 만나게 될 줄이야..{nl}				단원 이르만타스
QUEST_UNUSED_20151001_000512		제발 도와주십시오.{nl}전 별의 탑에서부터 추격자들과 마족들에게 쫓기고 있습니다.{nl}				단원 이르만타스
QUEST_UNUSED_20151001_000513		제가 신호탄으로 동료들에게 알리는 동안 잠시만 곁에 있어주실 수 있습니까?{nl}이 곳에 함께 온 두 명의 동료에게 제가 아직 살아있다는 걸 알려야 합니다.				단원 이르만타스
QUEST_UNUSED_20151001_000514		추격자들이 여기까지..{nl}당신이 아니었다면 큰일날 뻔 했습니다.				단원 이르만타스
QUEST_UNUSED_20151001_000515		너는.. 마치 여신들이 네 곁에 있는 것 같구나.{nl}그래. 그 가증스러운 길티네보단 낫겠지.{nl}				마군주 하우벅
QUEST_UNUSED_20151001_000516		나는 마군주 하우벅이다.{nl}어쩌면 이미 너는 나의 다른 조각을 만났을 수도 있을 것이다.{nl}하지만 그 조각은 나와는 다른 조각일 뿐, 나는 네가 누군지 모른다..{nl}				마군주 하우벅
QUEST_UNUSED_20151001_000517		나는 이 아가타스라는 인간을 통해 마족에게서 도망치고 있었다.{nl}하지만 아가타스가 마족의 마비독에 당해 이렇게 죽어가고 있구나.{nl}				마군주 하우벅
QUEST_UNUSED_20151001_000518		네가 나를 믿을 수 없다는 건 안다.{nl}하지만 이 선하디 선한 순례자만은 살려다오.{nl}네가 검푸른 허브를 구해온다면 그를 살릴 수 있다.				마군주 하우벅
QUEST_UNUSED_20151001_000519		(정신을 잃은 것 같다)				순례자 아가타스
QUEST_UNUSED_20151001_000520		이것이라면 아가타스를 살릴 수 있다.{nl}너의 선의에 보답할 만한 게 없구나.{nl}				마군주 하우벅
QUEST_UNUSED_20151001_000521		네 눈엔 나는 그저 없애야 할 마족으로만 보이겠지.{nl}하지만 아가타스가 깨어나면 모든 것을 설명해 줄 것이다.				마군주 하우벅
QUEST_UNUSED_20151001_000522		칼리스 기사단이라고? 좋아.{nl}우리가 널 완전히 믿진 못하겠지만 내 계획을 도와준다면 함께 데려가 줄 용의는 있어.{nl}				도굴꾼 아만다
QUEST_UNUSED_20151001_000523		대지의 요새가 루클리스 군의 마지막 저항지였다는 건 알고 있지?{nl}개미굴 처럼 땅 속을 파서 만든 곳이지.{nl}				도굴꾼 아만다
QUEST_UNUSED_20151001_000524		지금은 왕국군들이 철통같이 지키고 있어.{nl}이상하지 않아?{nl}				도굴꾼 아만다
QUEST_UNUSED_20151001_000525		반란은 400년 전의 일이고 지금은 신수의 날이다 뭐다 해서 병력도 부족하잖아.{nl}이 도시도 그렇고 아무리 역사적으로 의미가 있어도 그렇게까지 지켜야 할 필요가 있냐는 거야.{nl}				도굴꾼 아만다
QUEST_UNUSED_20151001_000526		뭔가 왕국의 뒤에서 시꺼먼 거래라도 오고간 게 아닐까 싶어.{nl}그런 게 아니라면 뭐하러 이런 돌덩이나 다름 없는 걸 지키겠어?{nl}				도굴꾼 아만다
QUEST_UNUSED_20151001_000527		칼리스 기사단은 거기에 주목해서 뭔가 있지 않을까 궁금한가봐.{nl}그들은은 계약한 것만 챙겨 오면 마음대로 움직여도 못본 척 해주겠다고 했어.{nl}				도굴꾼 아만다
QUEST_UNUSED_20151001_000528		아, 물론 난 왕국군 몰래 대지의 요새에 있는 보물이 가득한 방으로 들어갈 거야.{nl}분명 군자금이니 뭐니 엄청난 것을 잔뜩 쌓아 놓고 있을 거라고.{nl}				도굴꾼 아만다
QUEST_UNUSED_20151001_000529		일단 집결지에 있는 루클리스 시대의 기록물들을 모아줘.{nl}저길 지키고 있는 가고일을 뚫을려면 그게 필요하거든.				도굴꾼 아만다
QUEST_UNUSED_20151001_000530		보코르 유타				
QUEST_UNUSED_20151001_000531		전 제미나 여신의 행방을 찾고 있어요.{nl}여신께서 행방불명되셨다는건 누구나 아는 이야기지요.{nl}	QUEST_UNUSED_20150729_000317	{memo X}	우와. 이런 묘지에서 사람을 만날 줄은 몰랐어요.{nl}저는 제미나 여신님을 모시는 보코르에요. 사라진 제미나 여신님의 자취를 쫓아 이 곳까지 왔죠.{nl}	보코르 유타
QUEST_UNUSED_20151001_000532		여신께서 진리의 나무 교단을 축복했단 소문을 듣고 여기까지 왔는데.. {nl}망자들만 가득하네요.{nl}	QUEST_UNUSED_20150729_000318	{memo X}	모습을 감춘 제미나 여신께서 진리의 나무 교단을 축복했다고 하시기에 여기까지 달려왔는데{nl}막상 와보니까 시체들만 돌아다니고 있네요.{nl}심지어 이 시체들 제 힘으로 제어도 안되요. 의식에 방해가 되니 처치를 해야할 것 같은데..	보코르 유타
QUEST_UNUSED_20151001_000533		혹시 이 묘역에 계속 계실 거라면 절 좀 도와주시겠어요?{nl}이 망자들은 제 힘으로도 어떻게 안되고 기도 소리만 들으면 마구 달려들거든요.{nl}				보코르 유타
QUEST_UNUSED_20151001_000534		여신께 기도를 올려야 이 근처에 계시는지라도 확인이 될 텐데 말예요.				보코르 유타
QUEST_UNUSED_20151001_000535		정말요? 말 만으로도 감사하네요.{nl}사실 혼자서는 기도마저도 힘들었거든요.{nl}	QUEST_UNUSED_20150729_000319	{memo X}	아, 정말요? 말 만으로도 감사하네요.{nl}사실 혼자서는 의식 준비도 좀 벅찼거든요.{nl}	보코르 유타
QUEST_UNUSED_20151001_000536		그럼 입관실의 망자들을 부탁드릴게요.{nl}그 동안 전 여신이 어디 계시는지 기도를 올려 보겠어요.	QUEST_UNUSED_20150729_000320	{memo X}	그럼 근처의 시체들을 처치해주세요.{nl}저는 그 동안 의식을 준비하고 여신님께 기도를 올릴게요.	보코르 유타
QUEST_UNUSED_20151001_000537		여기라면 제미나 여신의 행방을 찾을 수 있을까 했는데 망자들만 가득하다니..{nl}이런 건 처음 봐요. 어서 제미나님을 찾아야 할텐데요.	QUEST_UNUSED_20150729_000321	{memo X}	여기 오면 뭐라도 있을 까 했는데 보코르의 힘이 통하지 않는 시체라니..{nl}이런 건 처음 봐요. 어서 여신님을 찾아야 할텐데요..	보코르 유타
QUEST_UNUSED_20151001_000538		아, 돌아오셨군요. {nl}덕분에 기도를 올리는 동안은 시체들이 덤벼들진 않았어요.{nl}	QUEST_UNUSED_20150729_000322	{memo X}	아, 돌아오셨군요. 덕분에 무사히 여신님께 기도를 올릴 수 있었어요.{nl}뭐.. 여느때 처럼 대답은 없으셨지만요..	보코르 유타
QUEST_UNUSED_20151001_000539		하지만 여기서도 여신께 기도는 닿지 않았나봐요.				보코르 유타
QUEST_UNUSED_20151001_000540		주술인형[보코르 전직]				
QUEST_UNUSED_20151001_000541		쓰러져 있는 용병의 시신				
QUEST_UNUSED_20151001_000542		어떻게 하면 되는 지 묻는다	QUEST_LV_0100_20150317_002398	$Accept	수락	
QUEST_UNUSED_20151001_000543		알아서 하라며 거절한다	QUEST_LV_0200_20150317_001850	Reject	거부	
QUEST_UNUSED_20151001_000544		리디아 샤펜과 플레쳐의 화살[플레쳐 전직]				
QUEST_UNUSED_20151001_000545		화살을 찾아보겠다고 한다	QUEST_LV_0100_20150317_002398	$Accept	수락	
QUEST_UNUSED_20151001_000546		자신없으니 그만둔다	QUEST_LV_0200_20150317_001850	Reject	거부	
QUEST_UNUSED_20151001_000547		몬스터를 어떻게 길들이는 지 묻는다	QUEST_LV_0100_20150317_002398	$Accept	수락	
QUEST_UNUSED_20151001_000548		말도 안되는 소리라고 한다	QUEST_LV_0200_20150317_001850	Reject	거부	
QUEST_UNUSED_20151001_000549		일발필중[슈바르츠라이터 전직]				
QUEST_UNUSED_20151001_000550		자신있다고 한다	QUEST_LV_0100_20150317_002398	$Accept	수락	
QUEST_UNUSED_20151001_000551		그렇지 않다고 거절한다	QUEST_LV_0200_20150317_001850	Reject	거부	
QUEST_UNUSED_20151001_000552		전해주겠다고 한다	QUEST_LV_0100_20150317_002398	$Accept	수락	
QUEST_UNUSED_20151001_000553		수상하니 거절해둔다	QUEST_LV_0200_20150317_001850	Reject	거부	
QUEST_UNUSED_20151001_000554		장부를 가져오겠다고 한다	QUEST_LV_0100_20150317_002398	$Accept	수락	
QUEST_UNUSED_20151001_000555		다음에 다시오겠다고 한다	QUEST_LV_0200_20150317_001850	Reject	거부	
QUEST_UNUSED_20151001_000556		해결하겠다고 한다	QUEST_LV_0100_20150317_002398	$Accept	수락	
QUEST_UNUSED_20151001_000557		생각할 시간을 달라고 한다	QUEST_LV_0200_20150317_001850	Reject	거부	
QUEST_UNUSED_20151001_000558		누군가의 기록(1)				
QUEST_UNUSED_20151001_000559	{memo X}	먼지를 긁어 내느 중				
QUEST_UNUSED_20151001_000560		기둥에서 검은 가루가 떨어지자 그것을 보고 몬스터들이 몰려듭니다!				
QUEST_UNUSED_20151001_000561		검은 가루를 털어 내는 중				
QUEST_UNUSED_20151001_000562		검은 가루를 털어냈더니 어떤 기록 같은 것이 보입니다!				
QUEST_UNUSED_20151001_000563		누군가의 기록(2)				
QUEST_UNUSED_20151001_000564	{memo X}	낮이라서 그런지, 야광충이 빛을 내지 않습니다!{nl}주변 몬스터에게서 야광충의 먹이가 되는 몬스터 기름을 구해 오세요!				
QUEST_UNUSED_20151001_000565		몬스터 기름을 모아야 글귀를 읽을 수 있습니다!				
QUEST_UNUSED_20151001_000566		다시 살펴 보는 중				
QUEST_UNUSED_20151001_000567	{memo X}	야광충이 빛을 내기 시작합니다!				
QUEST_UNUSED_20151001_000568		누군가의 기록(3)				
QUEST_UNUSED_20151001_000569		기둥 살펴 보는 중				
QUEST_UNUSED_20151001_000570		기둥 가까이 서서 어딘가에서 얻은 숫자를 말해 봅시다!				
QUEST_UNUSED_20151001_000571		기둥의 글귀 읽는 중				
QUEST_UNUSED_20151001_000572		기둥에 새겨진 인물(1)				
QUEST_UNUSED_20151001_000573		어두워서 보이지 않습니다! 주변에서 빛나는 이끼를 채취해 오세요!				
QUEST_UNUSED_20151001_000574		기둥의 글귀를 읽는 중				
QUEST_UNUSED_20151001_000575		빛나는 이끼 덕분에 글귀를 읽을 수 있게 되었습니다!				
QUEST_UNUSED_20151001_000576	{memo X}	기둥에 새겨진 인물(2)				
QUEST_UNUSED_20151001_000577	{memo X}	건드리지도 않았는데 기둥이 무너져 버렸습니다!{nl}몬스터에게서 기둥을 수리 할 점성 있는 액체를 구해 오세요!				
QUEST_UNUSED_20151001_000578	{memo X}	점성 있는 액체가 필요합니다				
QUEST_UNUSED_20151001_000579	{memo X}	기둥 수리 중				
QUEST_UNUSED_20151001_000580		기둥에 새겨진 인물(3)				
QUEST_UNUSED_20151001_000581		조각들을 끼워 넣는 중				
QUEST_UNUSED_20151001_000582		글귀를 읽을 수 있는 상태가 되었습니다!				
QUEST_UNUSED_20151001_000583		성물 수집(4)				
QUEST_UNUSED_20151001_000584		발굴해 오겠다고 한다				
QUEST_UNUSED_20151001_000585		성물 발굴 중				
QUEST_UNUSED_20151001_000586		성물을 발견 했습니다!				
QUEST_UNUSED_20151001_000587		모아보겠다고 한다	QUEST_UNUSED_20150717_000280	{memo X}	모아보겠다고 한다.	
QUEST_UNUSED_20151001_000588		다시 들어갈 일은 없다고 한다	QUEST_UNUSED_20150717_000281	{memo X}	별로 관심 없다고 한다.	
QUEST_UNUSED_20151001_000589		루클리스 부대와 관련된 이야기가 적혀있습니다				
QUEST_UNUSED_20151001_000590		퇴각명령				
QUEST_UNUSED_20151001_000591		여정의 시작(1)				
QUEST_UNUSED_20151001_000592		여정의 시작(2)				
QUEST_UNUSED_20151001_000593		여정의 시작(3)				
QUEST_UNUSED_20151001_000594		여정의 시작(4)				
QUEST_UNUSED_20151001_000595		오르샤(1)				
QUEST_UNUSED_20151001_000596		오르샤(2)				
QUEST_UNUSED_20151001_000597		오르샤(3)				
QUEST_UNUSED_20151001_000598		감사의 마음을 담아				
QUEST_UNUSED_20151001_000599		꼭 드리고 싶어요				
QUEST_UNUSED_20151001_000600		숲 속에서 길을 잃다(1)				
QUEST_UNUSED_20151001_000601		숲 속에서 길을 잃다(2)				
QUEST_UNUSED_20151001_000602		주인없는 물건				
QUEST_UNUSED_20151001_000603		안전하지 않은 안전지대				
QUEST_UNUSED_20151001_000604		쉴 수 없는 이주민				
QUEST_UNUSED_20151001_000605		사라진 주교(1)				
QUEST_UNUSED_20151001_000606		사라진 주교(2)				
QUEST_UNUSED_20151001_000607		사라진 주교(3)				
QUEST_UNUSED_20151001_000608		사라진 주교(5)				
QUEST_UNUSED_20151001_000609		지워진 흔적 찾기				
QUEST_UNUSED_20151001_000610		불타버린 행방(1)				
QUEST_UNUSED_20151001_000611		불타버린 행방(2)				
QUEST_UNUSED_20151001_000612		지워진 흔적 찾기(5)				
QUEST_UNUSED_20151001_000613		지워진 흔적 찾기(6)				
QUEST_UNUSED_20151001_000614		정보원의 격무				
QUEST_UNUSED_20151001_000615		냄새 없애기				
QUEST_UNUSED_20151001_000616		발길 돌리기				
QUEST_UNUSED_20151001_000617		몬스터 군락지(1)				
QUEST_UNUSED_20151001_000618		몬스터 군락지(2)				
QUEST_UNUSED_20151001_000619		대규모 수색(1)				
QUEST_UNUSED_20151001_000620		대규모 수색(2)				
QUEST_UNUSED_20151001_000621		대규모 수색(3)				
QUEST_UNUSED_20151001_000622		대규모 수색(4)				
QUEST_UNUSED_20151001_000623		대규모 수색(5)				
QUEST_UNUSED_20151001_000624		대규모 수색(6)				
QUEST_UNUSED_20151001_000625		보조 활동				
QUEST_UNUSED_20151001_000626		수상한 장소				
QUEST_UNUSED_20151001_000627		사전 조사(1)				
QUEST_UNUSED_20151001_000628		사전 조사(2)				
QUEST_UNUSED_20151001_000629		오염된 몬스터				
QUEST_UNUSED_20151001_000630		돈 보다 귀한 목숨				
QUEST_UNUSED_20151001_000631		밑천 회수				
QUEST_UNUSED_20151001_000632		위험한 단서(1)				
QUEST_UNUSED_20151001_000633		위험한 단서(2)				
QUEST_UNUSED_20151001_000634		위험한 단서(3)				
QUEST_UNUSED_20151001_000635		우르보나스의 행방(1)				
QUEST_UNUSED_20151001_000636		우르보나스의 행방(2)				
QUEST_UNUSED_20151001_000637		우르보나스의 행방(3)				
QUEST_UNUSED_20151001_000638		우르보나스의 행방(4)				
QUEST_UNUSED_20151001_000639		우르보나스의 행방(5)				
QUEST_UNUSED_20151001_000640		우르보나스의 행방(6)				
QUEST_UNUSED_20151001_000641		우르보나스의 행방(7)				
QUEST_UNUSED_20151001_000642		일처리는 확실히				
QUEST_UNUSED_20151001_000643		새로운 적				
QUEST_UNUSED_20151001_000644		마족 꾸러미(1)				
QUEST_UNUSED_20151001_000645		마족 꾸러미(2)				
QUEST_UNUSED_20151001_000646		손아귀 속으로(5)				
QUEST_UNUSED_20151001_000647		손아귀 속으로(6)				
QUEST_UNUSED_20151001_000648		만약에 또 만약에(1)				
QUEST_UNUSED_20151001_000649		만약에 또 만약에(2)				
QUEST_UNUSED_20151001_000650		쫓아내기				
QUEST_UNUSED_20151001_000651		죄수 모집				
QUEST_UNUSED_20151001_000652		더 깊은 곳에서(1)				
QUEST_UNUSED_20151001_000653		더 깊은 곳에서(2)				
QUEST_UNUSED_20151001_000654		더 깊은 곳에서(3)				
QUEST_UNUSED_20151001_000655		더 깊은 곳에서(4)				
QUEST_UNUSED_20151001_000656		좀 더 기다려 달라고 한다				
QUEST_UNUSED_20151001_000657		모든 것이 제자리로(1)				
QUEST_UNUSED_20151001_000658		모든 것이 제자리로(2)				
QUEST_UNUSED_20151001_000659		녹 제거				
QUEST_UNUSED_20151001_000660		소중하고 귀중한				
QUEST_UNUSED_20151001_000661		발상의 전환				
QUEST_UNUSED_20151001_000662		모든 것이 제자리로(3)				
QUEST_UNUSED_20151001_000663		비행형 몬스터에게 먹이주기	QUEST_JOBSTEP_20150717_002920	Things to do	할일	
QUEST_UNUSED_20151001_000664		응사 마스터는 몬스터들을 매 대신 쓸 수 있을 지 시험해보고자 합니다. 세 종류의 비행형 몬스터에게 먹이를 주고 길들이기를 시도해보세요.	QUEST_JOBSTEP_20150717_002920	Things to do	할일	
QUEST_UNUSED_20151001_000665		응사 마스터에게 보고	QUEST_JOBSTEP_20150414_002582	Talk with the Falconer Master	응사 마스터와 대화	
QUEST_UNUSED_20151001_000666		몬스터를 길들이는데 실패했습니다. 응사 마스터에게 돌아가세요.	QUEST_JOBSTEP_20150717_002941	Return to Falconer Master.	응사 마스터에게 돌아가세요.	
QUEST_UNUSED_20151001_000667		기원의 숲에 있는 슈바르츠라이터 마스터를 찾아가세요.	QUEST_JOBSTEP_20150717_002943	Go to the Schwarzer Reiter Master in Forest of Prayers.	기원의 숲에 있는 슈바르츠 라이터 마스터를 찾아가세요.	
QUEST_UNUSED_20151001_000668		일반 몬스터에게 연속 200회 명중				
QUEST_UNUSED_20151001_000669		슈바르츠라이터 마스터는 노린적을 확실하게 맞추는 실력을 보겠다고 합니다. 일반 몬스터를 상대로 공격을 200회 연속 확실하게 명중시키세요.	QUEST_JOBSTEP_20150717_002920	Things to do	할일	
QUEST_UNUSED_20151001_000670		실수 없이 적에게 연속으로 공격을 모두 명중시켰습니다. 슈바르츠라이터 마스터에게 돌아가세요.	QUEST_JOBSTEP_20150717_002944	Return to the Schwarzer Reiter Master.	슈바르츠 라이터 마스터에게 돌아가세요.	
QUEST_UNUSED_20151001_000671		숨어있는 접선자를 찾아 물건 건내기	QUEST_JOBSTEP_20150717_002920	Things to do	할일	
QUEST_UNUSED_20151001_000672		몽크 마스터는 바일이 보낸 사람을 만나 자신이 준 물건을 건내주라고 합니다. 접선해야 할 사람은 숨어 있다고 하니 몽크 마스터가 건내 준 쪽지에 적힌 장소로가서 접선 암호를 말하고 나타난 접선인에게 물건을 건내주세요.	QUEST_JOBSTEP_20150717_002920	Things to do	할일	
QUEST_UNUSED_20151001_000673		몽크 마스터에게 보고	QUEST_JOBSTEP_20150317_001913	Talk to the Monk Master	몽크 마스터와 대화	
QUEST_UNUSED_20151001_000674		무사히 접선자에게 물건을 전달했습니다. 몽크 마스터에게 돌아가세요.	QUEST_JOBSTEP_20150717_002945	Return to the Monk Master.	몽크 마스터에게 돌아가세요.	
QUEST_UNUSED_20151001_000675		파드너 마스터의 장부 수색	QUEST_JOBSTEP_20150717_002920	Things to do	할일	
QUEST_UNUSED_20151001_000676		파드너 마스터는 자신이 가진 장부가 찢어져서 쓸 수 없게 되었다고 합니다. 수도원 35_3에 파드너 마스터가 숨겨둔 예비장부를 찾아와 주세요.	QUEST_JOBSTEP_20150717_002920	Things to do	할일	
QUEST_UNUSED_20151001_000677		파드너 마스터의 장부를 찾았습니다. 파드너 마스터에게 돌아가세요.	QUEST_JOBSTEP_20150717_002946	Return to the Pardoner Master.	파드너 마스터에게 돌아가세요.	
QUEST_UNUSED_20151001_000678		식문 몬스터의 샘플 수집	QUEST_JOBSTEP_20150717_002920	Things to do	할일	
QUEST_UNUSED_20151001_000679		드루이드 마스터는 신수의 날 이후 과성장한 식물들에 대해 조사하고 있다고 합니다. 연구를 돕기 위해 식물형 몬스터를 처치하고 샘플을 모아오세요. 강한 몬스터일수록 더 많은 샘플을 얻을 수 있습니다.	QUEST_JOBSTEP_20150717_002920	Things to do	할일	
QUEST_UNUSED_20151001_000680		드루이드 마스터에게 전달	QUEST_JOBSTEP_20150317_001526	Talk to the Druid Master	드루이드 마스터와 대화	
QUEST_UNUSED_20151001_000681		식물형 몬스터의 샘플을 충분히 모았습니다. 드루이드 마스터에게 돌아가세요.	QUEST_JOBSTEP_20150717_002947	Return to the Druid Master.	드루이드 마스터에게 돌아가세요.	
QUEST_UNUSED_20151001_000682		협곡지대 36_1에 정화의 로무바 설치				
QUEST_UNUSED_20151001_000683		오라클 마스터는 최근 마기가 강해져서 자신의 능력이 방해받고 있다고 합니다. 특히 마기가 강해 방해가 심한 협곡지대 36_1에 가서 정화의 로무바를 설치하세요.	QUEST_JOBSTEP_20150717_002920	Things to do	할일	
QUEST_UNUSED_20151001_000684		오라클 마스터에게 보고	QUEST_JOBSTEP_20150317_001932	Talk to the Oracle Master	오라클 마스터와 대화	
QUEST_UNUSED_20151001_000685		정화의 로무바를 모두 설치했습니다. 오라클 마스터에게 돌아가세요.	QUEST_JOBSTEP_20150717_002949	Return to the Oracle Master.	오라클 마스터에게 돌아가세요.	
QUEST_UNUSED_20151001_000686		보물상자 열어 보기	QUEST_UNUSED_20150717_000286	{memo X}	보물상자 열어보기	
QUEST_UNUSED_20151001_000687		석화서리를 피해 몬스터 처치				
QUEST_UNUSED_20151001_000688		상자를 열자 미약한 석화서리가 나오면서 주변의 몬스터까지 달려 듭니다! 석화서리를 피해서 몬스터를 모두 처치하세요.				
QUEST_UNUSED_20151001_000689		기둥 살펴 보기				
QUEST_UNUSED_20151001_000690		갈르엣 평야에 들어서자마자 보이는 것은 엄청난 수의 기둥입니다. 인상 깊어 보이는 기둥이 있으니 다가가 살펴 보세요.				
QUEST_UNUSED_20151001_000691		기둥 지키기				
QUEST_UNUSED_20151001_000692		몬스터들이 몰려와서 기둥을 공격합니다! 기둥을 지키세요.				
QUEST_UNUSED_20151001_000693		기둥에서 가루 털어내기				
QUEST_UNUSED_20151001_000694		몬스터들이 몰려 들었던 이유는 이 검은 가루가 먹이처럼 보였기 때문이었을까요? 몬스터들을 모두 물리쳤으니 기둥에 붙어 있던 검은 가루들을 모두 털어내 봅시다.				
QUEST_UNUSED_20151001_000695	{memo X}	누군가의 기록이 담긴 기둥이 더 있을 것 같습니다. 기둥을 살펴 보세요. 기둥의 글귀는 야광충의 빛이 있다면 어두워도 읽을 수 있을 것입니다.				
QUEST_UNUSED_20151001_000696		몬스터 기름 구하기				
QUEST_UNUSED_20151001_000697	{memo X}	야광충이 낮에 빛을 내려면 몬스터 기름이 있어야 할 것 같습니다. 몬스터를 사냥하여 몬스터 기름을 모으세요.				
QUEST_UNUSED_20151001_000698		기둥에 새겨진 글귀 읽기				
QUEST_UNUSED_20151001_000699	{memo X}	몬스터 기름을 모두 모았습니다. 기둥으로 가져 가서 야광충의 빛으로 기둥에 새겨진 글귀를 읽어 봅시다.				
QUEST_UNUSED_20151001_000700		몬스터를 처치하여 몬스터 기름 획득				
QUEST_UNUSED_20151001_000701		다른 기둥에 누군가의 기록이 더 있을 것 같습니다. 기둥들을 살펴 보세요.				
QUEST_UNUSED_20151001_000702		숫자 말하기				
QUEST_UNUSED_20151001_000703		갈르엣 평야의 어딘가에서 얻은 힌트 숫자를 말하면 기둥의 글귀를 읽을 수 있다고 씌여 있는 것 같습니다. 기둥 가까이에서 채팅창에 숫자를 입력하세요.				
QUEST_UNUSED_20151001_000704		기둥에 뭔가 새겨져 있는 것이 보이기 시작했습니다! 읽어 보세요!				
QUEST_UNUSED_20151001_000705		기둥이 나타난 듯 합니다! 다가가 살펴 보세요.				
QUEST_UNUSED_20151001_000706		기둥 보수 하기				
QUEST_UNUSED_20151001_000707		소환 기둥에 글귀를 읽으려면 빛나는 이끼가 필요할 것 같습니다. 주변에서 구해 보세요. 단, 5분 안에 돌아오지 않으면 기둥은 다음번 나타날 때 까지 기다려야 하니 서두르세요.				
QUEST_UNUSED_20151001_000708		기둥의 글귀 읽기				
QUEST_UNUSED_20151001_000709		이제 기둥의 글귀를 읽을 수 있을 것 같습니다. 기둥으로 가서 읽어 보세요.				
QUEST_UNUSED_20151001_000710		다른 기둥에는 이 이야기에 이어지는 다른 기록이 또 있을 것 같습니다. 기둥을 살펴 보세요.				
QUEST_UNUSED_20151001_000711		점성 있는 액체 구해 오기				
QUEST_UNUSED_20151001_000712		건드리지도 않았는데 기둥이 무너져 버렸습니다. 기둥을 수리해야 할 것 같으니, 주변에 매우 흔한 몬스터의 점성 있는 액체를 구해 옵시다.				
QUEST_UNUSED_20151001_000713		기둥 수리하기				
QUEST_UNUSED_20151001_000714		점성 있는 액체를 모두 모았습니다. 이제 돌아가서 기둥을 수리해 보세요.				
QUEST_UNUSED_20151001_000715	{memo X}	몬스터를 처치하고 %s 구해 오기				
QUEST_UNUSED_20151001_000716		점성있는 액체 구하기				
QUEST_UNUSED_20151001_000717		나머지 이야기가 저 기둥에 씌여 있을 것 같습니다. 다가가 살펴 보세요.				
QUEST_UNUSED_20151001_000718		기둥에 조각들 끼워 넣기				
QUEST_UNUSED_20151001_000719		가지고 있던 문양 조각을 끼워 넣으면 딱 맞을 것 같습니다. 조각을 끼워 넣어 보세요. 단, 퀘스트를 포기하면 문양 조각이 사라집니다. 문양 조각이 사라졌을 때에는 다시 기둥들로 가면 문양 조각을 얻을 수 있습니다.				
QUEST_UNUSED_20151001_000720		가지고 있던 문양 조각을 끼워 넣으면 딱 맞을 것 같습니다. 조각을 끼워 넣어 보세요.				
QUEST_UNUSED_20151001_000721		유라테와 성물에 대한 대화를 계속 해 보세요.				
QUEST_UNUSED_20151001_000722		성물 발굴해 오기				
QUEST_UNUSED_20151001_000723		탐색봉으로 찾아 낸 곳으로 가서 조심스럽게 성물을 발굴해 보세요.				
QUEST_UNUSED_20151001_000724		유라테에게 보고				
QUEST_UNUSED_20151001_000725		성물을 찾은 것 같습니다. 유라테에게 가져다 주세요.				
QUEST_UNUSED_20151001_000726		빌헬미나 캐리어트가 당신이 가지고 있는 것을 뚫어지게 쳐다보고 있습니다. 빌헬미나 캐리어트와 대화해 보세요.	QUEST_UNUSED_20150717_000290		빌헬미나 캐리어트와 대화하세요	
QUEST_UNUSED_20151001_000727		루클리스의 부대 인장과 양피지 문서 수집	QUEST_UNUSED_20150717_000291	{memo X}	루클리스의 부대 인장, 양피지 문서 구하기	
QUEST_UNUSED_20151001_000728		빌헬미나 캐리어트는 좀 더 많은 자료들을 원하고 있습니다. 대지의 요새에서 정보가 될 만한 것들을 구하세요.	QUEST_UNUSED_20150717_000292	{memo X}	대지의 요새에서 정보가 될 만한 물건들을 구하세요.	
QUEST_UNUSED_20151001_000729		빌헬미나 캐리어트에게 전달	QUEST_LV_0200_20150317_002377	Talk to Bilhelmina Carriot	빌헬미나 캐리어트와 대화	
QUEST_UNUSED_20151001_000730		이 정도면 빌헬미나 캐리어트가 만족할 것 같습니다. 빌헬미나 캐리어트에게 전해주세요.	QUEST_UNUSED_20150717_000290		빌헬미나 캐리어트와 대화하세요	
QUEST_UNUSED_20151001_000731		루클리스 부대 병사 영혼과 대화				
QUEST_UNUSED_20151001_000732		루클리스 부대 병사 영혼과 대화하세요				
QUEST_UNUSED_20151001_000733		나팔을 불어 영혼들에게 퇴각 명령 알리기				
QUEST_UNUSED_20151001_000734		나팔을 불어 루클리스 부대 병사 영혼들에게 퇴각 명령 알리세요.				
QUEST_UNUSED_20151001_000735		사제 이르마와 대화				
QUEST_UNUSED_20151001_000736		아샤크 지하 감옥 3층의 사제 이르마가 누군가의 도움을 기다리고 있습니다				
QUEST_UNUSED_20151001_000737		은거지에 들어가자 마군주 마르녹스가 급습했습니다!				
QUEST_UNUSED_20151001_000738		마군주 마르녹스를 처치했습니다. 사제 이르마와 대화하세요.				
QUEST_UNUSED_20151001_000739		마군주 마르녹스 처치				
QUEST_UNUSED_20151001_000740		돌을 채취했습니다!				
QUEST_UNUSED_20151001_000741		아무것도 얻지 못했습니다				
